Column1,Column2,Column3,Column4,Column5,Column6,Column7,Column8,Column9,Column10
422.225,49.250524,-122.896379,21.393999,35.099998,4.599998,150.599854,0,0.214251,0
423.3424098,49.250518,-122.896356,20.046,35.099998,4.599998,121.818413,0,0.62112,0
424.3438606,49.250517,-122.89635,19.625999,35.099998,4.599998,114.648056,0,0.525259,0
425.3452052,49.250519,-122.896352,18.134001,35.099998,4.599998,105.17292,0,0.267578,0
426.340767,49.250519,-122.896351,17.996,35.099998,4.599998,101.856239,0,0.194385,0
427.3435439,49.250519,-122.896351,17.103001,35.099998,4.599998,104.847275,0,0.129699,0
428.3455468,49.250519,-122.896352,17.124001,35.099998,4.599998,117.912277,0,0.073418,0
429.3452365,49.250502,-122.896365,17.004,35.099998,4.599998,203.066345,0,0.752678,0
430.018,49.250507,-122.896365,15.507,35.099998,4.599998,266.89566,0,0.021475,0
431.058,49.250507,-122.896366,13.963,35.099998,4.599998,270.00946,0,0.000996,0
432.138,49.250508,-122.896366,12.939,35.099998,4.599998,89.990631,0,0.000112,0
432.959,49.250508,-122.896366,12.39,35.099998,4.599998,87.439026,0,0.000163,0
434.182,49.250509,-122.896365,10.928,35.099998,4.599998,89.258469,0,0.000164,0
434.755,49.250509,-122.896364,10.94,35.099998,4.599998,89.99939,0,0.000482,0
435.679,49.250508,-122.896359,11.658,35.099998,4.599998,90.000099,0,0.002395,0
436.181,49.250508,-122.896356,11.874,35.099998,4.599998,90.001045,0,0.00266,0
437.22,49.250508,-122.896349,12.562,35.099998,4.599998,90.004196,0,0.002105,0
437.764,49.250507,-122.896345,12.921,35.099998,4.599998,90.029289,0,0.0018,0
438.282,49.250507,-122.896343,13.212,35.099998,4.599998,90.028305,0,0.001707,0
439.278,49.250507,-122.896336,14.126,35.099998,4.599998,90.002769,0,0.001505,0
441.348804,49.250506,-122.896322,23.516001,35.099998,4.599998,90.01799,0,0.033876,0
442.303,49.250506,-122.896321,33.257,35.099998,4.599998,92.804787,0,0.001889,0
443.323,49.250506,-122.896318,34.936001,35.099998,4.599998,90.024925,0,0.000357,0
444.348,49.250506,-122.896316,29.889,35.099998,4.599998,89.998917,0,0.000344,0
445.347577,49.250506,-122.896313,28.163,35.099998,4.599998,89.905907,0,0.000419,0
445.884,49.250508,-122.896311,27.577,35.099998,4.599998,88.524162,0,0.000474,0
446.864,49.250511,-122.896307,22.625,35.099998,4.599998,75.860649,0,0.000498,0
452.48,49.250515,-122.896276,31.759001,35.099998,4.599998,86.561935,0,0.01103,0
453.3480512,49.250517,-122.896272,63.592999,35.099998,4.599998,86.10614,0,0.010927,0
454.258,49.250517,-122.896268,52.852001,35.099998,4.599998,21.325302,0,0.000215,0
454.882,49.250518,-122.896266,46.898998,35.099998,4.599998,2.791738,0,0.000131,0
455.94,49.25052,-122.896264,41.810001,35.099998,4.599998,0.003201,0,0.000235,0
457.001,49.250523,-122.896264,39.112,35.099998,4.599998,0,0,0.000473,0
458.06,49.250527,-122.896265,27.299,35.099998,4.599998,359.999969,0,0.000722,0
458.594,49.250531,-122.896267,27.912001,35.099998,4.599998,359.950958,0,0.001444,0
459.12,49.250534,-122.896268,27.875999,35.099998,4.599998,359.548004,0,0.004111,0
460.16,49.250542,-122.896273,27.847,35.099998,4.599998,344.474091,0,0.053776,0
461.221,49.250553,-122.896279,27.978001,35.099998,4.599998,339.357666,0,0.230982,0
462.299,49.250567,-122.89629,27.952,35.099998,4.599998,336.353882,0,0.55303,0
463.3468713,49.250585,-122.896303,27.938,35.099998,4.599998,334.768768,0,0.945227,0
463.898,49.250596,-122.896312,27.735001,35.099998,4.599998,334.455811,0,1.170892,0
464.807,49.250614,-122.896324,28.718,35.099998,4.599998,335.12326,0,1.428594,0
465.3497607,49.250633,-122.896317,28.641001,35.099998,4.599998,345.672119,0,1.663832,0
466.059,49.250612,-122.896303,28.364,35.099998,4.599998,345.077881,0,0.100273,0
466.738,49.250623,-122.896296,27.75,35.099998,4.599998,350.993591,0,0.007247,0
467.301,49.250628,-122.896292,27.384001,35.099998,4.599998,18.794226,0,0.008228,0
468.3423576,49.250641,-122.896285,26.459,35.099998,4.599998,33.45219,0,0.010111,0
468.939,49.250646,-122.89628,25.365,35.099998,4.599998,39.719128,0,0.009917,0
469.998,49.250652,-122.896275,23.91,35.099998,4.599998,63.578583,0,0.008194,0
470.926,49.250656,-122.896269,23.969,35.099998,4.599998,73.435005,0,0.008093,0
471.758,49.250665,-122.896247,23.312,35.099998,4.599998,66.919022,0,0.085155,0
472.838,49.250675,-122.896226,22.225,35.099998,4.599998,61.344627,0,0.253879,0
473.3438607,49.250678,-122.89622,21.848,35.099998,4.599998,59.389259,0,0.291008,0
474.081,49.250684,-122.896212,21.098,35.099998,4.599998,55.593765,0,0.357026,0
475.16,49.250691,-122.896204,19.995001,35.099998,4.599998,49.421223,0,0.47433,0
475.72,49.250698,-122.8962,19.205999,35.099998,4.599998,45.594173,0,0.572793,0
476.318,49.250702,-122.896196,18.506001,35.099998,4.599998,44.09668,0,0.610723,0
476.9,49.250709,-122.896192,18.464001,35.099998,4.599998,41.280148,0,0.676912,0
478.3463717,49.250742,-122.896159,17.141001,35.099998,4.599998,38.661133,0,0.739447,0
479.3499941,49.250759,-122.896143,16.080999,35.099998,4.599998,36.247345,0,0.772933,0
479.897,49.250774,-122.896133,15.319,35.099998,4.599998,33.42247,0,0.837047,0
481.079,49.250796,-122.896119,13.937,35.099998,4.599998,29.207872,0,0.916638,0
482.285,49.250812,-122.896112,12.125,35.099998,4.599998,23.286224,0,0.875685,0
482.899,49.250824,-122.896109,11.981,35.099998,4.599998,15.829734,0,0.85976,0
484.3498994,49.250847,-122.896104,11.744,35.099998,4.599998,8.152227,0,0.887815,0
485.278,49.250856,-122.8961,11.392,35.099998,4.599998,4.90902,0,0.849556,0
485.78,49.250861,-122.896096,11.021,35.099998,4.599998,3.809448,0,0.787866,0
486.3454142,49.250866,-122.896093,10.899,35.099998,4.599998,4.099648,0,0.760929,0
486.921,49.250873,-122.896089,10.754,35.099998,4.599998,4.584946,0,0.752583,0
487.54,49.25088,-122.896082,10.465,35.099998,4.599998,2.775163,0,0.693032,0
488.118,49.250885,-122.896079,10.344,35.099998,4.599998,1.777885,0,0.64767,0
488.758,49.25089,-122.896074,9.909,35.099998,4.599998,1.013622,0,0.565456,0
489.258,49.250894,-122.896072,9.917,35.099998,4.599998,0.90862,0,0.527895,0
490.3442584,49.250904,-122.896061,9.759,35.099998,4.599998,0.686725,0,0.430413,0
490.999,49.25091,-122.896055,9.621,35.099998,4.599998,0.499274,0,0.374961,0
491.578,49.250914,-122.89605,9.495,35.099998,4.599998,0.307148,0,0.327419,0
492.179,49.250917,-122.896047,9.422,35.099998,4.599998,0.214963,0,0.306904,0
492.778,49.25092,-122.896043,9.277,35.099998,4.599998,0.130707,0,0.268618,0
493.32,49.250922,-122.896041,9.211,35.099998,4.599998,0.119087,0,0.251452,0
493.879,49.250923,-122.896038,9.069,35.099998,4.599998,0.100256,0,0.219624,0
494.458,49.250925,-122.896035,8.913,35.099998,4.599998,0.11724,0,0.191433,0
495.061,49.250927,-122.896033,8.823,35.099998,4.599998,0.155301,0,0.178087,0
495.618,49.250928,-122.89603,8.835,35.099998,4.599998,0.247318,0,0.151828,0
496.161,49.25093,-122.896028,8.845,35.099998,4.599998,0.350866,0,0.137761,0
496.8,49.250932,-122.896025,8.817,35.099998,4.599998,0.628065,0,0.102511,0
497.779,49.250934,-122.89602,8.696,35.099998,4.599998,1.224971,0,0.077582,0
498.317,49.250936,-122.896018,8.666,35.099998,4.599998,1.404926,0,0.07294,0
498.962,49.250937,-122.896016,8.56,35.099998,4.599998,1.537534,0,0.064335,0
499.641,49.250938,-122.896013,8.44,35.099998,4.599998,1.669214,0,0.056144,0
500.721,49.250939,-122.89601,8.266,35.099998,4.599998,2.03385,0,0.045236,0
501.258,49.25094,-122.896009,8.142,35.099998,4.599998,2.515274,0,0.040772,0
501.86,49.25094,-122.896007,8.048,35.099998,4.599998,3.719304,0,0.030739,0
502.367,49.25094,-122.896005,8,35.099998,4.599998,5.397998,0,0.02453,0
502.88,49.250942,-122.896004,7.937,39.699997,4.700001,7.695523,0,0.016883,0
503.96,49.250944,-122.896002,7.826,39.699997,4.700001,28.808382,0,0.044929,0
504.519,49.250945,-122.895999,7.753,39.699997,4.700001,42.152634,0,0.106206,0
505.058,49.250946,-122.895996,7.741,39.699997,4.700001,45.349545,0,0.141191,0
505.619,49.250947,-122.895993,7.671,39.699997,4.700001,45.801903,0,0.191218,0
506.178,49.250949,-122.895991,7.665,39.699997,4.700001,42.340359,0,0.199596,0
506.741,49.250952,-122.895989,7.642,39.699997,4.700001,31.302975,0,0.263577,0
507.299,49.250955,-122.895987,7.672,39.699997,4.700001,24.353914,0,0.316267,0
507.998,49.250959,-122.895987,7.719,39.699997,4.700001,14.426985,0,0.387524,0
508.502,49.250962,-122.895988,7.857,35.099998,4.599998,1.391644,0,0.419525,0
509.3557683,49.250966,-122.89599,7.96,35.099998,4.599998,359.206573,0,0.413929,0
510.099,49.250969,-122.895992,8.062,35.099998,4.599998,358.202026,0,0.398431,0
510.619,49.250971,-122.895993,8.126,35.099998,4.599998,359.104034,0,0.365684,0
511.178,49.250972,-122.895995,8.196,35.099998,4.599998,359.338409,0,0.342298,0
511.72,49.250974,-122.895996,8.317,35.099998,4.599998,359.610077,0,0.299761,0
512.803,49.25098,-122.895998,8.547,35.099998,4.599998,359.854523,0,0.247593,0
513.377,49.250983,-122.895999,8.687,35.099998,4.599998,359.921112,0,0.233177,0
513.96,49.250986,-122.896,8.941,35.099998,4.599998,359.96933,0,0.206353,0
514.982,49.250995,-122.896002,9.564,35.099998,4.599998,359.991608,0,0.163166,0
516.118,49.251004,-122.896003,10.235,35.099998,4.599998,359.999969,0,0.139472,0
516.724,49.251009,-122.896004,10.866,35.099998,4.599998,359.999969,0,0.125451,0
517.279,49.251012,-122.896003,11.121,35.099998,4.599998,0.000333,0,0.118687,0
517.858,49.251017,-122.896003,11.636,35.099998,4.599998,0.003046,0,0.105325,0
518.978,49.251024,-122.896002,12.515,35.099998,4.599998,0.033664,0,0.088765,0
519.978,49.251027,-122.896003,12.996,35.099998,4.599998,359.971954,0,0.073493,0
521.179,49.251034,-122.896007,13.351,35.099998,4.599998,359.999115,0,0.060882,0
522.28,49.251046,-122.896012,13.351,35.099998,4.599998,359.999725,0,0.058079,0
523.339,49.251056,-122.896015,13.376,35.099998,4.599998,359.979218,0,0.054553,0
524.278,49.251066,-122.896018,13.419,35.099998,4.599998,359.977386,0,0.050778,0
524.84,49.251072,-122.896019,13.454,35.099998,4.599998,353.024445,0,0.068074,0
525.3457497,49.251076,-122.89602,13.587,35.099998,4.599998,349.365906,0,0.086642,0
526.058,49.251082,-122.896022,13.806,35.099998,4.599998,352.090607,0,0.097084,0
527.165,49.251103,-122.896027,14.159,35.099998,4.599998,358.076691,0,0.092843,0
527.798,49.251121,-122.896031,14.022,35.099998,4.599998,358.825409,0,0.099061,0
528.817,49.251141,-122.896035,13.69,35.099998,4.599998,359.375549,0,0.091232,0
529.3458816,49.251146,-122.896037,13.508,35.099998,4.599998,359.455353,0,0.088514,0
530.019,49.251154,-122.89604,13.328,35.099998,4.599998,359.562225,0,0.081571,0
531.038,49.251163,-122.896046,13.126,35.099998,4.599998,359.61441,0,0.072011,0
532.179,49.251172,-122.896053,12.754,35.099998,4.599998,359.718628,0,0.063992,0
533.3477596,49.251178,-122.896057,13.25,35.099998,4.599998,359.788757,0,0.056673,0
534.3501725,49.25119,-122.896053,13.253,39.699997,4.700001,1.313749,0,0.001285,0
535.237,49.251201,-122.896046,12.945,39.699997,4.700001,25.647341,0,0.001813,0
535.881,49.251203,-122.89604,12.52,39.699997,4.700001,38.152992,0,0.002185,0
537.3472439,49.251199,-122.896034,11.737,39.699997,4.700001,74.721138,0,0.002088,0
537.9,49.251194,-122.896031,11.342,39.699997,4.700001,114.991371,0,0.002255,0
539.097,49.251186,-122.896028,10.751,39.699997,4.700001,162.263458,0,0.003853,0
540.238,49.251178,-122.896026,10.755,39.699997,4.700001,173.526276,0,0.006916,0
540.877,49.251172,-122.896025,10.844,39.699997,4.700001,173.732071,0,0.008561,0
542.12,49.251166,-122.89602,10.995,35.099998,4.700001,168.903488,0,0.0088,0
543.3453752,49.251164,-122.896012,11.116,35.099998,4.700001,158.298492,0,0.010097,0
544.3442937,49.251164,-122.896008,11.278,35.099998,4.700001,150.169708,0,0.011483,0
545.3446065,49.251163,-122.896004,11.53,35.099998,4.700001,142.561737,0,0.013361,0
546.3443508,49.251162,-122.896001,11.656,35.099998,4.700001,118.911606,0,0.010899,0
547.279,49.251162,-122.895997,11.993,35.099998,4.700001,105.926399,0,0.010884,0
547.861,49.251161,-122.895994,12.431,35.099998,4.700001,95.64299,0,0.010789,0
549.159,49.251167,-122.89598,12.455,35.099998,4.700001,89.818825,0,0.01866,0
550.3490126,49.251171,-122.89597,12.458,35.099998,4.700001,87.875778,0,0.025828,0
551.3503254,49.251174,-122.895963,12.43,35.099998,4.700001,86.231865,0,0.031645,0
552.3492577,49.251176,-122.89596,12.368,35.099998,4.700001,85.104851,0,0.034536,0
552.958,49.251177,-122.895959,12.25,35.099998,4.700001,79.612907,0,0.02004,0
554.143,49.251181,-122.895956,12.166,35.099998,4.599998,0.157241,0,0.005019,0
555.341,49.251185,-122.895938,12.063,35.099998,4.599998,2.254285,0,0.007442,0
556.3484067,49.251189,-122.895933,11.993,35.099998,4.599998,12.119721,0,0.122943,0
556.98,49.251194,-122.895928,12.006,35.099998,4.599998,14.352205,0,0.326068,0
557.578,49.251197,-122.895925,12.042,35.099998,4.599998,14.510562,0,0.417389,0
558.141,49.2512,-122.895922,12.126,35.099998,4.599998,14.28154,0,0.502944,0
558.722,49.251204,-122.89592,12.234,35.099998,4.599998,13.296917,0,0.582557,0
559.261,49.251208,-122.895917,12.363,35.099998,4.599998,12.316568,0,0.656389,0
559.9,49.251212,-122.895915,12.699,35.099998,4.599998,11.261052,0,0.724547,0
560.479,49.251216,-122.895912,13.059,35.099998,4.599998,10.488189,0,0.787969,0
561.118,49.251219,-122.895902,13.305,35.099998,2,10.041877,0,0.846039,0
561.64,49.251221,-122.895893,13.691,35.099998,2,10.259984,0,0.844609,0
562.219,49.251223,-122.895884,13.947,35.099998,2,10.493659,0,0.843118,0
562.822,49.251225,-122.895877,14.215,35.099998,2,10.715119,0,0.841697,0
563.881,49.251229,-122.895863,14.79,35.099998,2,16.464449,0,0.817637,0
564.54,49.251232,-122.895857,15.13,35.099998,2,22.239235,0,0.80367,0
565.058,49.251234,-122.89585,15.485,35.099998,2,29.552441,0,0.798651,0
565.757,49.251237,-122.895842,15.999,35.099998,2,36.132206,0,0.7949,0
566.439,49.251239,-122.895835,16.455999,35.099998,2,43.332874,0,0.790279,0
567.141,49.251239,-122.895817,16.913,35.099998,2,62.055683,0,0.940167,0
567.801,49.251239,-122.895804,17.143,35.099998,2,68.595482,0,1.027694,0
568.521,49.251241,-122.895792,17.507,35.099998,2,71.372108,0,1.055892,0
569.241,49.251243,-122.895782,17.688999,35.099998,2,71.266586,0,1.067464,0
573.215,49.251255,-122.89576,18.271999,35.199997,4.599998,58.392818,0,0.649077,0
581.212,49.251246,-122.895753,17.188,35.099998,4.599998,81.758057,0,0.235189,0
587.759,49.251239,-122.895732,15.217,35.199997,4.599998,108.684654,0,0.244102,0
594.014,49.251179,-122.89569,22.084999,35.199997,4.599998,153.338226,0,0.968354,0
601.707,49.25117,-122.895688,20.077999,35.099998,2,157.929031,0,0.328913,0
605.253,49.251181,-122.89566,23.548,35.099998,3.400002,85.16581,0,0.351769,0
606.368,49.251185,-122.895661,23.806,35.099998,3.400002,68.564201,0,0.285704,0
612.598,49.251199,-122.895666,23.544001,35.099998,4.599998,3.268835,0,0.219977,0
618.827,49.251178,-122.895696,22.903,35.199997,4.599998,231.367798,0,0.300523,0
625.088,49.251172,-122.895663,21.898001,35.199997,4.599998,123.777245,0,0.225241,0
631.602,49.251189,-122.895683,24.604,35.099998,4.599998,327.61972,0,0.194956,0
637.835,49.251174,-122.895696,26.243,35.099998,4.599998,227.974884,0,0.186924,0
644.356,49.251168,-122.895688,25.358999,35.099998,3.400002,115.188171,0,0.170013,0
650.72,49.251169,-122.895667,24.615,35.099998,3.400002,96.044281,0,0.173431,0
651.318,49.251168,-122.895664,26.525999,35.099998,3.400002,103.303307,0,0.228136,0
652.343,49.251209,-122.895773,28.150999,35.099998,4.599998,300.748474,0,2.42536,0
656.779,49.251242,-122.89587,20.966999,35.099998,4.599998,298.828857,0,1.965133,0
657.513,49.251244,-122.895876,21.690001,35.099998,4.599998,298.34198,0,1.780093,0
659.198,49.251246,-122.895884,21.087999,35.099998,4.599998,298.300659,0,1.262272,0
659.725,49.251245,-122.895881,20.732,35.099998,4.599998,298.217834,0,1.003286,0
663.73,49.251247,-122.895885,19.437,35.099998,4.599998,299.294647,0,0.331484,0
664.761,49.251244,-122.89586,18.396999,35.099998,4.599998,71.702652,0,0.151977,0
665.462,49.251242,-122.895851,17.933001,35.099998,4.599998,89.527458,0,0.287362,0
666.16,49.251241,-122.895846,17.806999,35.099998,4.599998,94.286797,0,0.335117,0
667.419,49.251241,-122.895843,17.825001,35.099998,4.599998,99.008133,0,0.291872,0
668.24,49.25124,-122.895843,17.947001,35.099998,4.599998,103.886345,0,0.205585,0
668.961,49.25124,-122.895844,17.771,35.099998,4.599998,108.923386,0,0.133648,0
669.778,49.25124,-122.895847,18.136999,35.099998,4.599998,118.099548,0,0.042972,0
675.136,49.251241,-122.895848,18.264999,35.099998,4.599998,176.204575,0,0.005656,0
676.224,49.251252,-122.895855,15.552,35.099998,4.099998,340.832001,0,0.176897,0
676.78,49.251253,-122.895849,15.191,35.099998,4.099998,19.781807,0,0.172163,0
677.578,49.251253,-122.895846,15.057,35.099998,4.099998,39.233932,0,0.178413,0
678.238,49.251253,-122.895845,15.028,35.099998,4.099998,47.49157,0,0.167293,0
679.159,49.251254,-122.895845,15.057,35.099998,4.099998,47.635323,0,0.131126,0
679.759,49.251254,-122.895845,15.097,35.099998,4.099998,47.482143,0,0.103318,0
680.739,49.251253,-122.895845,15.153,35.099998,4.099998,41.657074,0,0.063524,0
681.74,49.251254,-122.895846,15.214,35.099998,4.099998,19.436808,0,0.046151,0
683.362,49.251253,-122.895846,15.618,35.099998,3.400002,313.327271,0,0.014387,0
688.521,49.251253,-122.895846,15.618,35.099998,3.400002,313.327271,0,0.014387,0
691.221,49.251263,-122.895841,14.878,35.099998,4.599998,18.758242,0,0.128855,0
696.338,49.251263,-122.895841,14.878,35.099998,4.599998,18.758242,0,0.128855,0
702.149,49.251262,-122.895808,12.788,35.099998,4.599998,87.421547,0,0.357876,0
703.017,49.251307,-122.895826,19.336,35.099998,2,349.917786,0,0.646425,0
708.289,49.251307,-122.895826,19.336,35.099998,2,349.917786,0,0.646425,0
709.116,49.251258,-122.895824,19.903999,35.099998,3.400002,182.474533,0,0.466644,0
714.295,49.251258,-122.895824,19.903999,35.099998,3.400002,182.474533,0,0.466644,0
715.148,49.251268,-122.895807,26.066999,35.099998,2,90.922775,0,0.147549,0
720.338,49.251268,-122.895807,26.066999,35.099998,2,90.922775,0,0.147549,0
721.2,49.251264,-122.895872,24.802,35.099998,2,254.582016,0,0.953732,0
726.383,49.251264,-122.895872,24.802,35.099998,2,254.582016,0,0.953732,0
727.258,49.251256,-122.895909,26.033001,35.099998,2,254.054245,0,0.53056,0
727.96,49.251272,-122.895907,26.658001,35.099998,2,311.003052,0,0.515849,0
728.72,49.251281,-122.895908,25.497999,35.099998,2,330.105988,0,0.634345,0
729.379,49.251287,-122.895908,24.676001,35.099998,2,337.060303,0,0.678461,0
729.938,49.25129,-122.895909,24.056999,35.099998,2,338.052002,0,0.662242,0
730.598,49.251292,-122.895911,23.733999,35.099998,2,338.227844,0,0.607861,0
731.399,49.251294,-122.895912,23.506001,35.099998,2,337.938599,0,0.538117,0
732.181,49.251295,-122.895914,23.327,35.099998,2,335.434937,0,0.472427,0
733.298,49.251297,-122.895917,19.790001,35.099998,4.599998,330.577057,0,0.403224,0
738.462,49.251297,-122.895917,19.790001,35.099998,4.599998,330.577057,0,0.403224,0
740.754,49.251294,-122.895921,15.557,35.099998,4.599998,293.715759,0,0.067594,0
745.844,49.251294,-122.895921,15.557,35.099998,4.599998,293.715759,0,0.067594,0
751.749,49.251313,-122.895924,13.349,35.099998,4.599998,350.609009,0,0.299305,0
757.325,49.251326,-122.895925,1100,35.099998,4.599998,354.973907,0,0.265329,0
758.874,49.251321,-122.895846,21.339001,35.099998,4.599998,83.406471,0,0.468158,0
763.994,49.251321,-122.895846,21.339001,35.099998,4.599998,83.406471,0,0.468158,0
769.647,49.251321,-122.895832,28.941999,35.099998,4.599998,86.404892,0,0.300249,0
772.263,49.251296,-122.895845,14.762,35.099998,4.599998,183.037125,0,0.244166,0
777.432,49.251296,-122.895845,14.762,35.099998,4.599998,183.037125,0,0.244166,0
778.446,49.251309,-122.895806,23.356001,35.099998,4.599998,69.97718,0,0.385817,0
783.528,49.251309,-122.895806,23.356001,35.099998,4.599998,69.97718,0,0.385817,0
784.602,49.251317,-122.89578,24.475,35.099998,4.599998,65.312843,0,0.352368,0
789.77,49.251317,-122.89578,24.475,35.099998,4.599998,65.312843,0,0.352368,0
790.794,49.251307,-122.895861,20.386,35.099998,2,261.506378,0,0.542935,0
795.912,49.251307,-122.895861,20.386,35.099998,2,261.506378,0,0.542935,0
796.99,49.251266,-122.895771,25.007999,35.099998,4.599998,131.729813,0,0.826976,0
802.176,49.251266,-122.895771,25.007999,35.099998,4.599998,131.729813,0,0.826976,0
803.215,49.251299,-122.895773,22.673,35.099998,4.599998,39.227253,0,0.288235,0
809.477,49.251346,-122.895814,24.188,35.099998,4.599998,330.953979,0,0.453688,0
816.211,49.251285,-122.895767,26.400999,38.5,4.700001,153.409668,0,0.730471,0
822.933,49.251254,-122.895731,21.965,35.199997,4.700001,146.78334,0,0.666928,0
829.663,49.251209,-122.895684,23.259001,35.199997,4.700001,146.039444,0,0.839905,0
836.381,49.251206,-122.895676,23.247999,35.199997,4.700001,140.098129,0,0.308351,0
841.539,49.251206,-122.895676,23.247999,35.199997,4.700001,140.098129,0,0.308351,0
843.056,49.251287,-122.895799,22.716,35.099998,4.599998,314.140137,0,2.970709,0
848.168,49.251287,-122.895799,22.716,35.099998,4.599998,314.140137,0,2.970709,0
849.237,49.25135,-122.895899,33.023998,35.099998,2,314.036896,0,1.931072,0
854.388,49.25135,-122.895899,33.023998,35.099998,2,314.036896,0,1.931072,0
856.011,49.251321,-122.895873,21.676001,35.099998,3.400002,299.944763,0,0.388915,0
861.196,49.251321,-122.895873,21.676001,35.099998,3.400002,299.944763,0,0.388915,0
862.256,49.251265,-122.895764,26.098,35.099998,4.599998,129.203049,0,1.016683,0
867.445,49.251265,-122.895764,26.098,35.099998,4.599998,129.203049,0,1.016683,0
868.49,49.251239,-122.895738,23.403,35.099998,4.599998,138.244431,0,0.694725,0
873.682,49.251239,-122.895738,23.403,35.099998,4.599998,138.244431,0,0.694725,0
874.704,49.251258,-122.895809,19.569,35.099998,4.599998,280.053406,0,0.436319,0
879.881,49.251258,-122.895809,19.569,35.099998,4.599998,280.053406,0,0.436319,0
880.93,49.251293,-122.895865,18.860001,35.099998,4.599998,317.703735,0,1.282983,0
887.255,49.251335,-122.895923,16.405001,35.099998,4.599998,317.345581,0,0.690082,0
887.815,49.251323,-122.895926,17.371,35.099998,4.700001,294.962067,0,0.501472,0
888.855,49.251308,-122.895931,17.399,35.099998,4.700001,261.665771,0,0.438391,0
889.355,49.251303,-122.895932,17.535,35.099998,4.700001,252.164749,0,0.438289,0
890.456,49.251299,-122.895936,18.261999,35.099998,4.700001,245.717255,0,0.432434,0
891.176,49.251296,-122.895938,18.268,35.099998,4.700001,241.843552,0,0.42484,0
892.236,49.251292,-122.89594,18.343,35.099998,4.700001,237.729553,0,0.413462,0
892.745,49.251295,-122.895931,17.903999,39.199997,4.700001,228.468826,0,0.125849,0
893.3419516,49.251288,-122.895942,18.274,39.199997,4.700001,225.148621,0,0.104625,0
894.336,49.251278,-122.895962,18.150999,39.199997,4.700001,225.52742,0,0.145236,0
895.3439275,49.251273,-122.895976,18.073999,39.199997,4.700001,226.824341,0,0.17158,0
896.342598,49.25127,-122.895989,18.011999,39.199997,4.700001,229.345169,0,0.189801,0
897.3449415,49.251268,-122.895995,17.691999,39.199997,4.700001,221.487656,0,0.103256,0
898.274,49.251267,-122.896001,17.070999,39.199997,4.700001,221.898148,0,0.072714,0
898.957,49.251265,-122.896006,17.048,39.199997,4.700001,225.561493,0,0.056476,0
900.171,49.251307,-122.896033,15.85,35.099998,4.700001,278.479187,0,0.037589,0
900.714,49.251314,-122.896037,15.286,35.099998,4.700001,292.519623,0,0.027731,0
901.215,49.251316,-122.896038,14.976,35.099998,4.700001,299.149994,0,0.023034,0
901.814,49.251316,-122.896039,14.363,35.099998,4.700001,305.729462,0,0.016046,0
902.895,49.251312,-122.896038,13.771,35.099998,4.700001,306.297882,0,0.008343,0
903.975,49.251307,-122.896036,12.964,35.099998,4.700001,281.603638,0,0.003677,0
905.136,49.251302,-122.896034,13.402,35.099998,4.700001,210.613724,0,0.003046,0
906.3535966,49.251313,-122.89603,13.617,35.099998,4.599998,356.974823,0,0.007087,0
907.354,49.251326,-122.896027,12.961,35.099998,4.599998,359.981659,0,0.015351,0
907.956,49.251332,-122.896026,12.382,35.099998,4.599998,349.574707,0,0.077402,0
909.057,49.251338,-122.896026,11.566,35.099998,4.599998,347.676117,0,0.247847,0
910.174,49.251344,-122.896026,10.473,35.099998,4.599998,342.690979,0,0.377784,0
910.855,49.251345,-122.896024,9.841,35.099998,4.599998,342.667755,0,0.402893,0
911.371,49.251346,-122.896023,10.008,35.099998,4.599998,345.847656,0,0.409416,0
911.914,49.251355,-122.896024,10.116,35.099998,4.700001,349.773468,0,0.431367,0
913.3486626,49.251373,-122.89603,10.07,35.099998,4.700001,348.519043,0,0.478792,0
914.054,49.251378,-122.896031,9.941,35.099998,4.700001,350.782593,0,0.470305,0
915.336,49.251384,-122.896032,9.623,35.099998,4.700001,356.141876,0,0.373256,0
915.875,49.251384,-122.896031,9.419,35.099998,4.700001,358.074463,0,0.322616,0
917.016,49.251385,-122.896031,9.173,35.099998,4.700001,359.164642,0,0.260403,0
918.116,49.251392,-122.896035,9.291,35.099998,4.699997,359.618561,0,0.215429,0
919.295,49.251402,-122.896044,9.251,35.099998,4.699997,359.616608,0,0.205113,0
919.896,49.251405,-122.896046,9.249,35.099998,4.699997,359.821045,0,0.177549,0
921.115,49.25141,-122.896048,9.334,35.099998,4.699997,359.982605,0,0.145748,0
922.335,49.251416,-122.89605,9.474,35.099998,4.699997,359.996948,0,0.121664,0
923.3478543,49.251421,-122.896051,9.808,35.099998,4.699997,359.999695,0,0.102581,0
924.837,49.251437,-122.896053,10.492,35.099998,2,359.993378,0,0.083537,0
925.3468721,49.251443,-122.896055,10.653,35.099998,2,359.986755,0,0.08268,0
926.135,49.251454,-122.896057,10.841,35.099998,2,359.983795,0,0.079574,0
926.654,49.251461,-122.896059,10.951,35.099998,2,359.98999,0,0.075187,0
927.3449278,49.251465,-122.896059,11.182,35.099998,2,359.992126,0,0.07373,0
928.034,49.251473,-122.896061,11.341,35.099998,2,359.992432,0,0.070186,0
928.656,49.251479,-122.896062,11.504,35.099998,2,359.995636,0,0.066134,0
929.317,49.251483,-122.896063,11.575,35.099998,2,359.999786,0,0.064698,0
929.835,49.251488,-122.896064,11.745,35.099998,2,359.999939,0,0.060633,0
930.436,49.251503,-122.89606,12,35.099998,2,0.025295,0,0.059079,0
931.015,49.251511,-122.896055,11.978,35.099998,2,0.138732,0,0.061023,0
931.595,49.251523,-122.896049,11.905,35.099998,2,0.366007,0,0.060366,0
932.155,49.251529,-122.896046,11.894,35.099998,2,0.579855,0,0.059498,0
932.775,49.251537,-122.896041,11.836,35.099998,2,0.944906,0,0.055924,0
933.3454126,49.251542,-122.896038,11.788,35.099998,2,1.264396,0,0.054367,0
933.956,49.251549,-122.896033,11.799,35.099998,2,1.941922,0,0.049434,0
934.636,49.251555,-122.896027,11.769,35.099998,2,3.12395,0,0.042885,0
935.3524097,49.251558,-122.896024,11.536,35.099998,2,4.623326,0,0.037162,0
936.3460521,49.251563,-122.896016,12.052,35.099998,2,12.316274,0,0.021983,0
937.337,49.25157,-122.895987,12.23,35.099998,2,38.214954,0,0.023813,0
937.955,49.251572,-122.895974,12.38,35.099998,2,45.722893,0,0.028245,0
938.635,49.251574,-122.895963,12.473,35.099998,2,51.167164,0,0.033087,0
939.171,49.251576,-122.895953,12.494,35.099998,2,54.851421,0,0.037746,0
939.674,49.251578,-122.895943,12.524,35.099998,2,57.568703,0,0.042358,0
940.296,49.251579,-122.895935,12.584,35.099998,2,59.673206,0,0.046915,0
941.996,49.251582,-122.895916,12.764,35.099998,2,64.560486,0,0.058687,0
943.097,49.251577,-122.895876,12.932,35.099998,2,76.580467,0,0.08683,0
943.764,49.251572,-122.895857,12.722,35.099998,2,81.494392,0,0.101685,0
944.914,49.251564,-122.89583,12.265,35.099998,2,87.464684,0,0.123027,0
945.957,49.251557,-122.895812,11.766,35.099998,2,91.495842,0,0.138748,0
946.734,49.251553,-122.895802,11.754,35.099998,2,93.484535,0,0.147477,0
947.414,49.25155,-122.895794,11.562,35.099998,2,95.170807,0,0.155704,0
947.955,49.251547,-122.895787,11.105,35.099998,2,96.483452,0,0.16344,0
948.555,49.251544,-122.895778,11.371,35.099998,2,97.708603,0,0.172751,0
949.057,49.251539,-122.895764,11.635,35.099998,2,99.158554,0,0.188736,0
949.675,49.251537,-122.895755,11.767,35.099998,2,99.752518,0,0.198499,0
950.255,49.251535,-122.895746,11.928,35.099998,2,100.210808,0,0.207691,0
950.935,49.251533,-122.895738,12.108,35.099998,2,100.649788,0,0.217015,0
951.436,49.251531,-122.89573,12.305,35.099998,2,101.036743,0,0.225512,0
952.015,49.251529,-122.895722,12.482,35.099998,2,101.410568,0,0.233976,0
952.576,49.251527,-122.895713,12.699,35.099998,2,101.802544,0,0.243985,0
953.168,49.251525,-122.895705,12.941,35.099998,2,102.153099,0,0.253593,0
953.675,49.251523,-122.895697,13.201,35.099998,2,102.589157,0,0.263183,0
954.357,49.25152,-122.895688,13.616,35.099998,2,103.082443,0,0.272473,0
955.396,49.25152,-122.89567,14.204,35.099998,3.400002,102.049713,0,0.292228,0
955.916,49.251523,-122.895664,14.07,35.099998,3.400002,100.725563,0,0.297025,0
956.474,49.251524,-122.895658,14.211,35.099998,3.400002,99.870361,0,0.302294,0
956.996,49.251525,-122.895651,14.137,35.099998,3.400002,99.384148,0,0.308243,0
957.517,49.251524,-122.895645,14.168,35.099998,3.400002,99.180763,0,0.314257,0
958.096,49.251523,-122.895638,14.183,35.099998,3.400002,99.432549,0,0.322311,0
958.675,49.251521,-122.89563,14.184,35.099998,3.400002,99.869675,0,0.330661,0
959.795,49.251516,-122.895616,14.173,35.099998,3.400002,101.165611,0,0.346124,0
960.856,49.25151,-122.895604,14.352,35.099998,3.400002,102.855225,0,0.361541,0
961.814,49.251502,-122.89559,14.968,35.099998,2,104.903221,0,0.380612,0
962.455,49.251499,-122.895584,15.123,35.099998,2,105.554413,0,0.38714,0
963.058,49.251496,-122.895577,15.259,35.099998,2,106.430939,0,0.394556,0
964.177,49.251488,-122.895564,15.545,35.099998,2,108.370872,0,0.413134,0
965.254,49.251479,-122.895551,15.77,35.099998,2,110.306549,0,0.431171,0
965.755,49.251475,-122.895545,15.908,35.099998,2,111.079636,0,0.440993,0
966.397,49.251471,-122.895537,16.072001,35.099998,2,111.833603,0,0.451265,0
967.434,49.251463,-122.895523,16.614,35.099998,2,113.031479,0,0.471371,0
967.936,49.251458,-122.895511,16.797001,35.099998,4.599998,113.429993,0,0.491561,0
968.579,49.251455,-122.895501,16.962999,35.099998,4.599998,113.502548,0,0.503541,0
969.635,49.25145,-122.895484,16.898001,35.099998,4.599998,113.610222,0,0.524931,0
970.715,49.251445,-122.895467,16.981001,35.099998,4.599998,113.731171,0,0.546826,0
971.315,49.251441,-122.895457,16.965,35.099998,4.599998,113.82708,0,0.559521,0
972.314,49.251436,-122.895439,16.929001,35.099998,4.599998,113.903664,0,0.582674,0
972.937,49.251433,-122.89543,16.93,35.099998,4.599998,113.925293,0,0.593455,0
973.956,49.251425,-122.895402,17.056999,36.399998,4.700001,114.002769,0,0.638124,0
974.495,49.25142,-122.895387,16.92,36.399998,4.700001,114.053017,0,0.660824,0
975.036,49.251416,-122.895374,16.791,36.399998,4.700001,114.096031,0,0.680041,0
976.168,49.251408,-122.895351,16.513,36.399998,4.700001,114.293259,0,0.710243,0
977.16,49.251402,-122.895332,16.313999,36.399998,4.700001,114.49971,0,0.733745,0
977.695,49.251398,-122.895323,16.218,36.399998,4.700001,114.678162,0,0.74365,0
978.254,49.251394,-122.895314,16.143999,36.399998,4.700001,114.975037,0,0.755356,0
978.795,49.25139,-122.895305,15.864,36.399998,4.700001,115.265427,0,0.766033,0
979.876,49.251384,-122.895291,16.431,36.399998,4.700001,115.735023,0,0.778394,0
980.936,49.25137,-122.895262,16.5,35.199997,4.700001,116.966019,0,0.838606,0
981.514,49.251361,-122.895246,16.171,35.199997,4.700001,117.588715,0,0.873675,0
982.016,49.251355,-122.895232,15.83,35.199997,4.700001,117.959206,0,0.898642,0
982.636,49.251349,-122.89522,15.447,35.199997,4.700001,118.292671,0,0.917399,0
984.254,49.251337,-122.895192,14.3,35.199997,4.700001,118.634766,0,0.946554,0
985.335,49.25133,-122.895174,13.182,35.199997,4.700001,118.795868,0,0.96539,0
985.974,49.251325,-122.895163,13.457,35.199997,4.700001,118.92643,0,0.9795,0
987.055,49.251316,-122.895142,14.074,36.399998,4.700001,119.234276,0,1.005724,0
988.174,49.251308,-122.895124,14.621,36.399998,4.700001,119.44796,0,1.019265,0
989.116,49.251305,-122.895117,14.971,36.399998,4.700001,116.155663,0,0.712611,0
990.3438204,49.2513,-122.89511,15.554,36.399998,4.700001,111.976204,0,0.374066,0
990.974,49.251297,-122.895104,15.783,36.399998,4.700001,107.679352,0,0.287842,0
992.034,49.251291,-122.895092,16.429001,36.399998,4.700001,98.490059,0,0.215998,0
993.155,49.25129,-122.895091,16.608,35.299999,4.700001,92.868393,0,0.169035,0
993.814,49.251292,-122.895107,16.142,35.299999,4.700001,98.092911,0,0.17272,0
994.915,49.251291,-122.89512,15.561,35.299999,4.700001,105.049553,0,0.210444,0
995.474,49.251289,-122.895118,15.351,35.299999,4.700001,106.470016,0,0.229935,0
996.035,49.251288,-122.895115,15.235,35.299999,4.700001,107.743576,0,0.248292,0
996.715,49.251287,-122.895111,14.961,35.299999,4.700001,108.931595,0,0.265624,0
997.796,49.251277,-122.895125,14.324,35.299999,4.700001,113.863663,0,0.317797,0
998.3445374,49.251272,-122.895135,15.013,35.299999,4.700001,115.889893,0,0.341511,0
999.054,49.251267,-122.89516,14.737,35.199997,4.599998,120.17598,0,0.333963,0
999.575,49.25128,-122.89515,14.828,35.199997,4.599998,95.795227,0,0.28471,0
1000.215,49.251285,-122.895146,14.715,35.199997,4.599998,93.075592,0,0.276394,0
1000.754,49.251291,-122.895144,14.513,35.199997,4.599998,92.500565,0,0.278013,0
1001.344525,49.251294,-122.895141,14.399,35.199997,4.599998,93.225418,0,0.286872,0
1002.133,49.251298,-122.895139,14.277,35.199997,4.599998,94.821915,0,0.325949,0
1002.756,49.251301,-122.895138,13.901,35.199997,4.599998,97.094063,0,0.362815,0
1003.347347,49.251302,-122.895136,13.749,35.199997,4.599998,98.041939,0,0.380692,0
1004.355837,49.251303,-122.89513,14.21,35.199997,4.599998,96.166992,0,0.518716,0
1005.055,49.251309,-122.895138,17.143999,35.299999,4.599998,98.335564,0,0.585607,0
1005.956,49.251312,-122.895141,20.403,35.299999,4.599998,98.167732,0,0.697172,0
1006.775,49.251312,-122.895136,26.025999,35.299999,4.599998,98.005928,0,0.916751,0
1007.656,49.251311,-122.895127,34.057999,35.299999,4.599998,98.457375,0,1.227794,0
1008.195,49.251311,-122.895116,37.608002,35.299999,4.599998,97.706108,0,1.354021,0
1009.350182,49.251309,-122.895086,45.696999,35.299999,4.599998,96.618027,0,1.611554,0
1010.345542,49.251306,-122.895064,51.561001,35.299999,4.599998,98.039955,0,1.666568,0
1010.858,49.251301,-122.895056,54.234001,35.199997,4.599998,101.899155,0,1.691729,0
1011.360355,49.251307,-122.895098,51.432999,35.199997,4.599998,101.917984,0,1.664949,0
1012.344601,49.251303,-122.895105,47.342999,35.199997,4.599998,107.310303,0,1.596662,0
1013.349259,49.251298,-122.895106,34.298,35.199997,4.599998,112.487259,0,1.552001,0
1014.342556,49.251293,-122.895107,30.975,35.199997,4.599998,117.177101,0,1.487705,0
1015.343462,49.251288,-122.895106,21.985001,35.199997,4.599998,121.735512,0,1.440317,0
1016.343285,49.251285,-122.895107,10.886,35.199997,4.599998,126.027794,0,1.38227,0
1017.345786,49.251286,-122.895114,10.78,35.299999,4.700001,130.188766,0,1.309136,0
1018.348454,49.251284,-122.895113,10.561,35.299999,4.700001,134.980225,0,1.219368,0
1019.347458,49.251282,-122.895113,10.233,35.299999,4.700001,139.618225,0,1.147479,0
1020.345325,49.251279,-122.895115,9.919,35.299999,4.700001,144.760056,0,1.067294,0
1021.344761,49.251278,-122.895119,9.648,35.299999,4.700001,153.453629,0,0.944714,0
1022.348498,49.251276,-122.895126,9.47,35.299999,4.700001,171.495972,0,0.804207,0
1023.095,49.251284,-122.895133,9.349,35.299999,4.599998,173.049759,0,0.828842,0
1023.836,49.251287,-122.895137,9.022,35.299999,4.599998,173.33461,0,0.827179,0
1024.347714,49.251288,-122.895138,8.865,35.299999,4.599998,171.468491,0,0.823297,0
1025.342535,49.251285,-122.895137,8.778,35.299999,4.599998,85.185349,0,0.603082,0
1026.342701,49.251289,-122.895131,8.638,35.299999,4.599998,57.84285,0,0.198958,0
1027.351862,49.251293,-122.89513,8.345,35.299999,4.599998,49.729633,0,0.523834,0
1028.352504,49.251297,-122.895127,7.994,35.299999,4.599998,44.415279,0,0.700444,0
1028.897,49.2513,-122.895127,8.11,38.5,4.599998,29.402805,0,1.576903,0
1030.34473,49.251312,-122.895116,8.549,38.5,4.599998,217.704697,0,0.118798,0
1031.346817,49.25131,-122.895117,9.137,38.5,4.599998,214.682266,0,0.127244,0
1032.347541,49.251308,-122.895115,9.517,38.5,4.599998,161.712326,0,0.273992,0
1033.346166,49.251307,-122.895112,10.081,38.5,4.599998,160.935471,0,0.266693,0
1034.34322,49.251307,-122.895108,11.003,38.5,4.599998,135.057831,0,0.395165,0
1035.348595,49.251306,-122.895103,11.924,38.5,4.599998,146.39241,0,0.511484,0
1036.350412,49.2513,-122.895109,11.89,35.199997,4.599998,147.689331,0,0.517808,0
1037.345983,49.251297,-122.895111,11.838,35.199997,4.599998,156.878677,0,0.44642,0
1038.346649,49.251299,-122.895115,11.804,35.199997,4.599998,320.953735,0,0.278421,0
1039.346677,49.251302,-122.895118,11.783,35.199997,4.599998,321.341949,0,0.281514,0
1040.346235,49.251305,-122.895113,11.829,35.199997,4.599998,77.3591,0,1.092407,0
1041.353381,49.251306,-122.895105,11.949,35.199997,4.599998,82.356926,0,0.864856,0
1042.256,49.251315,-122.895124,10.6,38.5,4.700001,27.193165,0,0.604276,0
1042.956,49.251318,-122.895123,9.879,38.5,4.700001,54.649273,0,0.828631,0
1044.075,49.25132,-122.895116,9.157,38.5,4.700001,91.054482,0,0.845582,0
1045.216,49.251317,-122.895109,8.667,38.5,4.700001,114.44136,0,0.846352,0
1046.355214,49.251314,-122.895103,7.803,38.5,4.700001,117.638374,0,0.840312,0
1046.875,49.251313,-122.895099,7.845,38.5,4.700001,118.450584,0,0.840011,0
1047.955,49.25131,-122.895091,8.056,38.5,4.700001,138.932617,0,0.743591,0
1049.295,49.251306,-122.895084,8.223,36.399998,4.700001,174.058685,0,0.918083,0
1049.975,49.251301,-122.895084,8.294,36.399998,4.700001,172.867538,0,0.988385,0
1050.975,49.251294,-122.895082,8.473,36.399998,4.700001,164.625366,0,1.001293,0
1051.756,49.251289,-122.895079,8.564,36.399998,4.700001,155.999496,0,1.001763,0
1052.435,49.251285,-122.895075,8.689,36.399998,4.700001,135.546448,0,0.982331,0
1053.136,49.251282,-122.895069,8.803,36.399998,4.700001,118.250488,0,0.976395,0
1053.956,49.25128,-122.89506,9.242,36.399998,4.700001,94.704903,0,0.978464,0
1055.336,49.251285,-122.895045,9.966,36.399998,4.700001,88.122581,0,0.99105,0
1056.096,49.251286,-122.895038,10.335,36.399998,4.700001,86.730995,0,0.955585,0
1056.675,49.251288,-122.895034,10.26,36.399998,4.700001,84.463379,0,0.891872,0
1057.255,49.251289,-122.89503,10.333,36.399998,4.700001,82.037117,0,0.812965,0
1057.896,49.251289,-122.895024,10.385,36.399998,4.700001,82.014008,0,0.782501,0
1058.455,49.251289,-122.895019,10.417,36.399998,4.700001,83.426491,0,0.762833,0
1059.036,49.251289,-122.895013,10.434,36.399998,4.700001,85.574326,0,0.739365,0
1059.674,49.251289,-122.895007,10.493,36.399998,4.700001,87.737946,0,0.724466,0
1060.363,49.251289,-122.894999,10.836,36.399998,4.700001,89.184669,0,0.768971,0
1060.936,49.251288,-122.894992,11.092,36.399998,4.700001,90.117149,0,0.78431,0
1061.474,49.251281,-122.894984,11.41,35.299999,4.700001,108.341263,0,0.88716,0
1062.195,49.251276,-122.894976,11.541,35.299999,4.700001,115.582146,0,0.934995,0
1062.935,49.251274,-122.894966,11.796,35.299999,4.700001,114.679932,0,0.947684,0
1063.595,49.251273,-122.89496,11.878,35.299999,4.700001,111.715836,0,0.898132,0
1064.715,49.251273,-122.89495,11.995,35.299999,4.700001,106.873642,0,0.799799,0
1065.615,49.251274,-122.894944,12.004,35.299999,4.700001,102.359879,0,0.730455,0
1066.276,49.251275,-122.89494,11.829,35.299999,4.700001,99.381378,0,0.689297,0
1066.977,49.251276,-122.894935,12.254,35.299999,4.700001,97.304115,0,0.662223,0
1067.576,49.251277,-122.894931,12.664,35.299999,4.700001,95.655296,0,0.638852,0
1068.216,49.251277,-122.894927,13.047,35.299999,4.700001,94.595322,0,0.62037,0
1068.815,49.251278,-122.894923,13.432,35.299999,4.700001,93.514397,0,0.612544,0
1069.474,49.251276,-122.894918,13.312,39.699997,4.700001,95.414749,0,0.608928,0
1069.975,49.251275,-122.894914,13.219,39.699997,4.700001,96.653259,0,0.60952,0
1070.756,49.251274,-122.894908,13.103,39.699997,4.700001,96.739517,0,0.607676,0
1072.136,49.251276,-122.894897,12.85,39.699997,4.700001,93.814888,0,0.600174,0
1072.694,49.251279,-122.894893,12.698,39.699997,4.700001,91.090126,0,0.590099,0
1073.256,49.251282,-122.89489,12.527,39.699997,4.700001,88.401009,0,0.58019,0
1075.372,49.25129,-122.894885,12.388,35.299999,4.700001,80.665527,0,0.516404,0
1077.396,49.251301,-122.894887,12.262,35.299999,4.700001,65.55883,0,0.445769,0
1078.234,49.251307,-122.894893,11.931,35.299999,4.700001,56.601971,0,0.408331,0
1079.055,49.25131,-122.894898,11.295,35.299999,4.700001,50.792381,0,0.379224,0
1079.956,49.251313,-122.894901,11.229,35.299999,4.700001,46.866169,0,0.355079,0
1081.613,49.251314,-122.894906,10.903,35.299999,4.700001,42.662472,0,0.310864,0
1083.056,49.25131,-122.894912,10.679,35.299999,4.700001,42.991592,0,0.239522,0
1083.817,49.251307,-122.894916,10.445,35.299999,4.700001,43.530853,0,0.201638,0
1089.038,49.25131,-122.89491,11.073,35.299999,4.700001,45.230659,0,0.164669,0
1089.915,49.251307,-122.894913,10.558,35.299999,4.700001,47.192802,0,0.131247,0
1090.655,49.251307,-122.894914,10.353,35.299999,4.700001,45.635029,0,0.124215,0
1091.635,49.251308,-122.894915,10.246,35.299999,4.700001,30.497755,0,0.110745,0
1096.187,49.251315,-122.894928,10.053,39.699997,4.700001,313.552917,0,0.237572,0
1100.117,49.251325,-122.894925,9.862,39.699997,4.700001,359.965515,0,0.249995,0
1100.956,49.251327,-122.894924,9.717,39.699997,4.700001,9.004561,0,0.238997,0
1102.437,49.25133,-122.894921,9.539,39.699997,4.700001,19.722851,0,0.25606,0
1104.275,49.251336,-122.894908,9.328,39.699997,4.700001,46.027336,0,0.484814,0
1104.776,49.251338,-122.894905,9.237,39.699997,4.700001,45.618912,0,0.50372,0
1108.694,49.251345,-122.894901,9.018,35.299999,4.700001,31.067793,0,0.255823,0
1110.076,49.251346,-122.894901,9.5,35.299999,4.700001,26.127876,0,0.181599,0
1110.635,49.251346,-122.894901,9.523,35.299999,4.700001,15.051813,0,0.136413,0
1111.796,49.251348,-122.894903,9.61,35.299999,4.700001,350.033844,0,0.13958,0
1114.684,49.25135,-122.894912,9.805,36.399998,4.700001,294.255768,0,0.007461,0
1115.255,49.251357,-122.894902,9.694,36.399998,4.700001,43.776363,0,0.211135,0
1116.114,49.25136,-122.894899,9.599,36.399998,4.700001,37.775772,0,0.334449,0
1116.895,49.251363,-122.894898,9.47,36.399998,4.700001,24.924847,0,0.350273,0
1117.534,49.251365,-122.894899,9.47,36.399998,4.700001,14.242476,0,0.327825,0
1118.574,49.251367,-122.894901,9.531,36.399998,4.700001,357.863037,0,0.297668,0
1121.103,49.251371,-122.894908,9.684,39.699997,4.700001,325.516632,0,0.271889,0
1124.837,49.251371,-122.894907,10.169,39.699997,4.700001,346.813812,0,0.045647,0
1125.456,49.251371,-122.894905,10.054,39.699997,4.700001,40.365635,0,0.0389,0
1126.217,49.251371,-122.894904,9.836,39.699997,4.700001,51.532734,0,0.066712,0
1126.896,49.251372,-122.894901,9.934,39.699997,4.700001,59.479774,0,0.130508,0
1127.715,49.251373,-122.894894,9.797,35.199997,4.700001,71.226334,0,0.315869,0
1128.495,49.251375,-122.894887,9.71,35.199997,4.700001,73.164368,0,0.420013,0
1129.115,49.251375,-122.894882,9.668,35.199997,4.700001,74.301025,0,0.453095,0
1129.758,49.251376,-122.894879,9.659,35.199997,4.700001,73.646347,0,0.443898,0
1133.507,49.25138,-122.894877,9.758,39.799999,4.600002,45.322075,0,0.183841,0
1139.54,49.251388,-122.89486,10.155,35.299999,4.700001,54.000175,0,0.221877,0
1145.575,49.251395,-122.89483,11.627,35.299999,4.700001,62.982067,0,0.285286,0
1151.454,49.251395,-122.894847,13.68,35.199997,4.700001,50.705864,0,0.130294,0
1152.796,49.251394,-122.894842,16.540001,35.199997,4.700001,81.102654,0,0.190363,0
1153.554,49.251394,-122.894839,16.615999,35.199997,4.700001,87.473366,0,0.230177,0
1154.275,49.251394,-122.894837,16.722,35.199997,4.700001,86.600502,0,0.215936,0
1155.075,49.251395,-122.894836,16.073,35.199997,4.700001,82.0578,0,0.176075,0
1157.636,49.251394,-122.89484,11.994,35.199997,4.599998,266.683228,0,0.007163,0
1163.646,49.251391,-122.894843,10.441,35.299999,4.700001,214.035172,0,0.065292,0
1168.896,49.251392,-122.894842,11.912,35.299999,4.700001,37.981689,0,0.020002,0
1169.556,49.251392,-122.894841,12.026,35.299999,4.700001,53.53244,0,0.020505,0
1170.414,49.251392,-122.894846,11.68,35.299999,4.700001,274.897919,0,0.111152,0
1175.73,49.251392,-122.894852,12.694,39.699997,4.600002,263.578369,0,0.09321,0
1177.901,49.251392,-122.894856,11.693,39.699997,4.600002,268.158325,0,0.093843,0
1178.935,49.251392,-122.894856,11.612,39.699997,4.600002,242.661407,0,0.062846,0
1179.696,49.251391,-122.894856,11.601,39.699997,4.600002,215.927292,0,0.063621,0
1180.698,49.25139,-122.894857,11.678,39.699997,4.600002,214.242523,0,0.064494,0
1181.615,49.25139,-122.894858,11.672,39.699997,4.600002,222.224503,0,0.068935,0
1186.441,49.251388,-122.894862,12.751,39.699997,4.700001,223.317703,0,0.078848,0
1187.396,49.251388,-122.894862,12.715,39.699997,4.700001,233.292801,0,0.065149,0
1188.777,49.251386,-122.894861,12.413,35.199997,4.599998,186.964722,0,0.097896,0
1189.536,49.251385,-122.894862,12.252,35.199997,4.599998,196.650436,0,0.121632,0
1190.255,49.251384,-122.894863,12.207,35.199997,4.599998,204.715637,0,0.121166,0
1191.095,49.251383,-122.894865,12.27,35.199997,4.599998,215.278442,0,0.13988,0
1191.835,49.251383,-122.894867,12.337,35.199997,4.599998,224.386734,0,0.145183,0
1193.811,49.251382,-122.894869,12.712,35.299999,4.700001,227.593475,0,0.129561,0
1196.368,49.25138,-122.894877,13.333,35.299999,4.700001,247.617386,0,0.194588,0
1197.196,49.25138,-122.894879,13.34,35.299999,4.700001,252.117752,0,0.182338,0
1198.016,49.25138,-122.894881,13.399,35.299999,4.700001,255.112823,0,0.170784,0
1198.656,49.25138,-122.894882,13.506,35.299999,4.700001,258.575989,0,0.159935,0
1199.366,49.25138,-122.894883,13.506,35.299999,4.700001,261.93869,0,0.153375,0
1201.056,49.251377,-122.894898,13.908,35.199997,4.400002,252.73674,0,0.442747,0
1201.796,49.251374,-122.894908,14.05,35.199997,4.400002,250.613068,0,0.594674,0
1202.994,49.251369,-122.894921,14.376,35.199997,4.400002,246.28096,0,0.705135,0
1203.896,49.251366,-122.894929,14.867,35.199997,4.400002,243.724838,0,0.732797,0
1204.515,49.251362,-122.894937,15.23,35.199997,4.400002,241.88353,0,0.794992,0
1205.215,49.251359,-122.894945,15.619,35.199997,4.400002,240.570694,0,0.815515,0
1206.096,49.251344,-122.894972,16.194,39.5,4.700001,235.723862,0,1.178975,0
1206.757,49.251334,-122.89499,15.866,39.5,4.700001,234.757446,0,1.345043,0
1207.396,49.251327,-122.895003,15.942,39.5,4.700001,233.965973,0,1.415645,0
1207.976,49.25132,-122.895015,15.711,39.5,4.700001,233.384064,0,1.457965,0
1208.594,49.251314,-122.895026,15.562,39.5,4.700001,232.851471,0,1.493288,0
1209.775,49.251302,-122.895046,15.09,39.5,4.700001,232.27475,0,1.508573,0
1210.314,49.251299,-122.895054,14.752,39.5,4.700001,232.390656,0,1.498614,0
1210.916,49.251295,-122.895063,13.834,39.5,4.700001,232.695847,0,1.480256,0
1211.859,49.251291,-122.895076,14.524,35.099998,3.400002,233.734253,0,1.441686,0
1212.656,49.251293,-122.895089,14.479,35.099998,3.400002,236.573242,0,1.395395,0
1213.215,49.251294,-122.895099,14.331,35.099998,3.400002,238.421005,0,1.369986,0
1213.936,49.251294,-122.895109,14.128,35.099998,3.400002,239.891037,0,1.339509,0
1214.575,49.251294,-122.895119,13.939,35.099998,3.400002,241.027252,0,1.320978,0
1215.214,49.251293,-122.895127,13.784,35.099998,3.400002,241.826401,0,1.301437,0
1215.777,49.251292,-122.895134,13.621,35.099998,3.400002,242.295471,0,1.283506,0
1216.294,49.25129,-122.89514,13.482,35.099998,3.400002,242.476837,0,1.267511,0
1216.876,49.251288,-122.895147,13.078,35.099998,3.400002,242.486694,0,1.252149,0
1217.896,49.251285,-122.895147,13.38,35.099998,3.400002,234.80127,0,0.891288,0
1218.596,49.251284,-122.895151,13.518,35.199997,4.599998,226.950211,0,0.62601,0
1219.344131,49.251284,-122.895158,13.173,35.199997,4.599998,225.361267,0,0.501733,0
1220.135,49.25128,-122.895172,12.933,35.199997,4.599998,224.276535,0,0.506814,0
1220.718,49.251278,-122.895185,12.726,35.199997,4.599998,224.301514,0,0.476168,0
1221.254,49.251276,-122.895194,12.624,35.199997,4.599998,224.363327,0,0.449363,0
1221.834,49.251274,-122.895209,12.461,35.199997,4.599998,224.433258,0,0.42434,0
1222.34301,49.251272,-122.895219,12.357,35.199997,4.599998,224.079651,0,0.422453,0
1222.935,49.251269,-122.895236,11.897,35.199997,4.599998,222.772461,0,0.489579,0
1224.115,49.251261,-122.895267,11.742,35.199997,4.599998,220.649246,0,0.675689,0
1224.695,49.251257,-122.895281,11.788,35.199997,4.599998,217.182312,0,0.710913,0
1225.256,49.251253,-122.895284,11.719,35.199997,4.599998,214.340302,0,0.65,0
1226.346718,49.251245,-122.895293,11.427,35.199997,4.599998,210.320831,0,0.593876,0
1227.348311,49.251238,-122.895299,11.225,35.199997,4.599998,208.177368,0,0.598794,0
1228.195,49.251231,-122.895305,11.048,35.199997,4.599998,206.029526,0,0.568783,0
1229.215,49.251222,-122.895311,10.755,35.199997,4.599998,200.493942,0,0.450497,0
1230.348845,49.251214,-122.895312,10.737,35.199997,4.599998,191.282715,0,0.379977,0
1231.055,49.251206,-122.895307,10.926,35.199997,4.599998,185.589172,0,0.335054,0
1231.654,49.251199,-122.895299,11.054,35.199997,4.599998,180.44725,0,0.316175,0
1232.216,49.251194,-122.895296,11.09,35.199997,4.599998,180.214539,0,0.298001,0
1233.344765,49.251184,-122.895287,11.279,35.199997,4.599998,180.014282,0,0.248801,0
1233.935,49.251178,-122.89528,11.446,35.199997,4.599998,179.997711,0,0.221155,0
1235.036,49.251169,-122.895273,11.63,35.199997,4.599998,179.996613,0,0.18593,0
1236.161,49.251161,-122.895273,11.846,35.199997,4.599998,180.003265,0,0.155885,0
1237.335,49.251152,-122.895274,12.09,39.5,4.600002,179.97905,0,0.131229,0
1237.876,49.251149,-122.895269,12.114,39.5,4.600002,187.709091,0,0.158921,0
1238.995,49.251143,-122.895261,12.098,39.5,4.600002,198.000397,0,0.232114,0
1240.135,49.251135,-122.895253,12.031,39.5,4.600002,197.976364,0,0.300836,0
1241.255,49.251128,-122.895249,11.88,39.5,4.600002,193.581314,0,0.350394,0
1241.835,49.251124,-122.895244,11.655,39.5,4.600002,188.981461,0,0.340456,0
1242.347325,49.251121,-122.895241,11.618,39.5,4.600002,187.087112,0,0.335513,0
1242.976,49.251119,-122.895235,11.54,39.5,4.600002,181.980881,0,0.308487,0
1244.173,49.251086,-122.895213,11.01,35.199997,4.400002,178.957581,0,0.323443,0
1245.214,49.25107,-122.895208,10.627,35.199997,4.400002,176.087616,0,0.381265,0
1246.176,49.251059,-122.89521,10.471,35.199997,4.400002,176.27475,0,0.464647,0
1246.896,49.251052,-122.89521,10.402,35.199997,4.400002,174.74382,0,0.481773,0
1248.034,49.251043,-122.895209,10.388,35.199997,4.400002,171.630142,0,0.424776,0
1249.119,49.251042,-122.895208,10.741,35.199997,4.400002,169.73349,0,0.315625,0
1250.345392,49.251028,-122.895196,11.031,35.199997,4.400002,156.705032,0,0.246286,0
1251.315,49.251019,-122.895184,11.091,35.199997,4.400002,85.006927,0,0.674829,0
1252.348714,49.251017,-122.895165,11.034,35.199997,4.400002,87.555061,0,0.715292,0
1252.894,49.251017,-122.895155,11.015,35.199997,4.400002,87.508545,0,0.72643,0
1254.055,49.251016,-122.895135,10.966,35.199997,4.400002,92.61554,0,0.74329,0
1255.019,49.251017,-122.895123,11.083,35.099998,2,93.995583,0,0.625701,0
1256.344618,49.251,-122.895112,11.139,35.099998,2,93.02092,0,0.555927,0
1257.215,49.250989,-122.895107,10.897,35.099998,2,91.540504,0,0.543405,0
1257.815,49.250979,-122.895108,10.48,35.099998,2,88.176941,0,0.366287,0
1258.348825,49.250977,-122.895109,10.171,35.099998,2,83.270836,0,0.17568,0
1259.035,49.250976,-122.895108,9.911,35.099998,2,74.676941,0,0.165514,0
1259.635,49.250976,-122.895107,9.313,35.099998,2,67.041939,0,0.181914,0
1260.196,49.250977,-122.895105,8.841,35.099998,2,63.994247,0,0.192462,0
1260.755,49.250978,-122.895103,8.612,35.099998,2,61.604,0,0.202652,0
1261.954,49.250975,-122.895099,8.765,35.199997,4.599998,58.248886,0,0.218782,0
1262.495,49.250972,-122.895097,8.82,35.199997,4.599998,58.636265,0,0.218102,0
1263.094,49.250971,-122.895095,8.885,35.199997,4.599998,58.901787,0,0.217827,0
1263.714,49.250971,-122.895092,9.01,35.199997,4.599998,59.054012,0,0.217866,0
1264.317,49.250972,-122.89509,9.097,35.199997,4.599998,59.079445,0,0.218163,0
1264.895,49.250973,-122.895089,9.247,35.199997,4.599998,58.969879,0,0.218571,0
1265.635,49.250976,-122.895087,9.366,35.199997,4.599998,58.600212,0,0.219437,0
1266.255,49.250978,-122.895085,9.484,35.199997,4.599998,58.165802,0,0.220382,0
1267.918,49.250983,-122.89508,10.004,35.199997,4.599998,57.385006,0,0.223802,0
1274.934,49.250993,-122.895062,11.342,35.199997,4.599998,55.386242,0,0.226918,0
1275.674,49.250996,-122.895061,11.341,35.199997,4.599998,38.005699,0,0.259943,0
1276.634,49.251001,-122.895062,11.163,35.199997,4.599998,10.286003,0,0.386362,0
1277.495,49.251005,-122.895062,11.084,35.199997,4.599998,5.213524,0,0.420485,0
1278.337,49.251007,-122.895061,11.066,35.199997,4.599998,11.252028,0,0.387864,0
1281.355,49.251003,-122.895053,10.901,35.199997,4.599998,99.108505,0,0.163247,0
1282.106,49.251,-122.895051,11.06,35.199997,4.400002,128.521698,0,0.20352,0
1288.416,49.250986,-122.895053,10.633,35.199997,4.5,179.461487,0,0.224368,0
1296.081,49.250986,-122.895046,12.066,35.199997,4.5,110.750137,0,0.062927,0
1302.722,49.250923,-122.895065,20.309999,35.199997,4.599998,190.305847,0,0.909595,0
1309.722,49.250878,-122.895079,20.447001,35.199997,4.599998,191.212387,0,0.781146,0
1315.997,49.250875,-122.895088,19.41,35.199997,4.400002,236.17131,0,0.171227,0
1322.755,49.250887,-122.895084,16.726999,35.199997,4.599998,1.682598,0,0.144763,0
1328.978,49.250881,-122.895087,16.48,35.199997,4.599998,204.251129,0,0.114316,0
1330.295,49.250873,-122.895092,15.729,35.199997,4.599998,204.186691,0,0.313876,0
1331.635,49.25087,-122.895095,14.788,35.199997,4.599998,208.381332,0,0.174571,0
1335.05,49.250871,-122.895094,13.246,35.199997,4.300003,149.470612,0,0.007602,0
1342.222,49.250876,-122.895093,13.494,35.199997,4.599998,9.918897,0,0.064162,0
1346.956,49.250877,-122.895087,13.34,35.199997,4.599998,60.338409,0,0.077224,0
1348.245,49.250877,-122.895086,13.387,35.199997,4.600002,70.59697,0,0.070398,0
1355.055,49.250904,-122.895107,16.993999,35.199997,4.599998,333.614197,0,0.433631,0
1361.536,49.250895,-122.89513,20.955,35.199997,2,267.207153,0,0.245409,0
1368.271,49.250898,-122.895149,21.193001,35.199997,2,275.879486,0,0.21819,0
1375.469,49.250993,-122.895156,29.719999,35.199997,2,354.587219,0,1.115688,0
1381.529,49.250925,-122.895106,21.264,35.199997,4.5,135.916229,0,0.476654,0
1388.271,49.251022,-122.895155,34.451,35.199997,2,344.310211,0,1.133961,0
1395.001,49.25106,-122.895201,31.07,35.199997,4.400002,332.19809,0,0.910913,0
1401.013,49.251003,-122.895186,24.417,35.199997,4.599998,191.724915,0,0.31339,0
1402.349312,49.250988,-122.89518,25.912001,35.199997,4.599998,179.844193,0,0.457123,0
1407.068,49.251105,-122.89511,30.041,39.5,4.600002,22.460577,0,2.110585,0
1413.446,49.250893,-122.895116,15.602,35.199997,4.600002,172.536774,0,1.771924,0
1419.746,49.250867,-122.895111,16.066,35.199997,4.400002,144.590942,0,0.47978,0
1426.016,49.250864,-122.895075,20.723,35.199997,4.400002,96.271248,0,0.286207,0
1426.796,49.25087,-122.895058,22.511,39.5,4.5,74.598633,0,0.659133,0
1427.574,49.250873,-122.895046,22.101,39.5,4.5,70.431129,0,0.787778,0
1428.295,49.250876,-122.89504,22.211,39.5,4.5,68.441223,0,0.775744,0
1432.308,49.250881,-122.895032,19.15,35.199997,4.5,57.334206,0,0.351149,0
1433.636,49.250886,-122.895049,16.771,35.199997,4.5,351.086426,0,0.242162,0
1434.436,49.250887,-122.895054,16.052,35.199997,4.5,326.130096,0,0.259008,0
1435.056,49.250887,-122.895057,15.713,35.199997,4.5,313.842102,0,0.252914,0
1435.716,49.250886,-122.895059,15.51,35.199997,4.5,299.831726,0,0.224589,0
1436.376,49.250886,-122.89506,15.397,35.199997,4.5,291.884766,0,0.191299,0
1438.587,49.250882,-122.895066,14.767,35.199997,2,241.171417,0,0.200155,0
1444.415,49.250884,-122.895088,14.436,35.199997,2,273.49292,0,0.257808,0
1445.957,49.250883,-122.895093,14.107,35.199997,4.599998,257.792267,0,0.249725,0
1446.795,49.250881,-122.895094,13.886,35.199997,4.599998,246.711441,0,0.227477,0
1451.129,49.250881,-122.895099,13.334,35.199997,4.599998,260.687683,0,0.115607,0
1457.416,49.250894,-122.895098,13.551,35.199997,2,356.47699,0,0.17945,0
1458.396,49.250897,-122.895099,13.238,35.199997,2,351.459351,0,0.21125,0
1459.173,49.250898,-122.895101,13.116,35.199997,2,341.476624,0,0.216358,0
1461.677,49.250903,-122.895108,13.11,35.199997,2,324.408783,0,0.256217,0
1462.454,49.250904,-122.89511,13.042,35.199997,2,322.803467,0,0.256694,0
1463.095,49.250906,-122.89511,13.012,35.199997,2,327.980713,0,0.272541,0
1463.684,49.250907,-122.895111,13.159,35.199997,4.300003,333.409698,0,0.25825,0
1466.916,49.250901,-122.895101,12.973,35.199997,4.300003,125.089531,0,0.148655,0
1469.955,49.250899,-122.895093,12.24,39.5,4.600002,118.320633,0,0.180703,0
1476.243,49.25091,-122.895087,12.423,35.199997,4.5,28.908926,0,0.177085,0
1481.817,49.250925,-122.89508,12.131,35.199997,4.5,19.169836,0,0.283973,0
1482.49,49.250927,-122.895079,12.183,35.199997,4.5,20.113293,0,0.286875,0
1483.379,49.250923,-122.895071,11.905,35.199997,4.5,84.85778,0,0.259109,0
1484.096,49.250919,-122.895066,11.727,35.199997,4.5,114.694954,0,0.356915,0
1484.735,49.250916,-122.895064,11.611,35.199997,4.5,128.060013,0,0.400282,0
1485.394,49.250913,-122.895063,11.539,35.199997,4.5,139.245529,0,0.411871,0
1486.256,49.25091,-122.895062,11.505,35.199997,4.5,149.295731,0,0.393849,0
1488.776,49.250904,-122.895066,11.254,35.199997,4.5,182.029587,0,0.285084,0
1492.657,49.2509,-122.895086,11.648,35.199997,4.5,242.026779,0,0.315623,0
1495.053,49.250898,-122.89509,11.643,35.199997,4.599998,238.237091,0,0.233193,0
1496.817,49.250886,-122.895092,11.247,35.199997,4.599998,196.651718,0,0.456335,0
1497.476,49.250884,-122.89509,11.059,35.199997,4.599998,186.983978,0,0.418076,0
1498.036,49.250884,-122.895089,10.83,35.199997,4.599998,181.380508,0,0.328495,0
1499.174,49.250886,-122.895088,10.749,35.199997,4.599998,168.478775,0,0.121773,0
1500.238,49.25089,-122.895087,10.599,35.199997,4.599998,21.988176,0,0.0845,0
1500.795,49.250893,-122.895087,10.639,35.199997,4.599998,10.491001,0,0.187941,0
1501.396,49.250896,-122.895087,10.693,35.199997,4.599998,6.187498,0,0.269269,0
1502.117,49.250903,-122.895085,10.844,35.199997,4.5,7.924534,0,0.487313,0
1502.996,49.25091,-122.895081,11.014,35.199997,4.5,13.735883,0,0.633864,0
1504.214,49.250917,-122.895076,11.407,35.199997,4.5,20.486902,0,0.657524,0
1504.816,49.250919,-122.895073,11.687,35.199997,4.5,24.673548,0,0.623806,0
1505.577,49.250922,-122.89507,12.022,35.199997,4.5,26.570499,0,0.611539,0
1506.515,49.250927,-122.895067,12.998,35.199997,4.5,23.26557,0,0.612786,0
1507.277,49.250931,-122.895067,13.415,35.199997,4.5,18.402416,0,0.58296,0
1508.236,49.250934,-122.895073,13.72,35.199997,4.400002,0.734461,0,0.514463,0
1509.236,49.250936,-122.895079,13.844,35.199997,4.400002,346.243958,0,0.454555,0
1509.875,49.250936,-122.895084,13.946,35.199997,4.400002,336.164673,0,0.412182,0
1510.415,49.250936,-122.895088,13.946,35.199997,4.400002,327.941895,0,0.392468,0
1511.016,49.250936,-122.895091,13.974,35.199997,4.400002,321.078308,0,0.371053,0
1511.656,49.250936,-122.895096,13.95,35.199997,4.400002,313.701721,0,0.365998,0
1512.235,49.250935,-122.8951,13.953,35.199997,4.400002,307.494781,0,0.365595,0
1512.817,49.250935,-122.895105,13.864,35.199997,4.400002,302.30368,0,0.36705,0
1513.476,49.250934,-122.895109,13.918,35.199997,4.400002,297.925873,0,0.37041,0
1517.077,49.250944,-122.895122,14.339,39.5,4.5,308.453796,0,0.378894,0
1517.716,49.250949,-122.895122,14.624,39.5,4.5,314.48175,0,0.38616,0
1519.255,49.250952,-122.895127,15.318,39.5,4.5,315.565308,0,0.377994,0
1519.861,49.250953,-122.895127,15.313,39.5,4.5,315.300262,0,0.363518,0
1521.116,49.250949,-122.895131,15.064,35.199997,4.400002,308.990784,0,0.319527,0
1521.755,49.250946,-122.895134,14.921,35.199997,4.400002,304.023407,0,0.307164,0
1523.114,49.250944,-122.89514,14.726,35.199997,4.400002,298.960144,0,0.298636,0
1523.895,49.250943,-122.895144,14.701,35.199997,4.400002,295.926788,0,0.295367,0
1525.656,49.250943,-122.895149,14.301,35.199997,4.400002,293.491333,0,0.283211,0
1526.654,49.250942,-122.89515,14.522,35.199997,4.400002,284.216736,0,0.202205,0
1527.28,49.250941,-122.895148,14.704,35.199997,4.400002,267.133362,0,0.103905,0
1528.015,49.250932,-122.895144,14.333,35.199997,4.400002,174.326019,0,0.393621,0
1529.115,49.250922,-122.89514,13.513,35.199997,4.400002,169.775024,0,0.6062,0
1530.343961,49.250918,-122.895141,13.291,35.199997,4.400002,175.618912,0,0.509309,0
1531.094,49.250917,-122.895143,12.977,35.199997,4.400002,182.315247,0,0.40674,0
1532.337,49.250916,-122.895147,12.622,35.199997,4.400002,198.995865,0,0.295586,0
1532.854,49.250916,-122.895149,12.726,35.199997,4.400002,209.877655,0,0.286056,0
1534.096,49.250915,-122.895155,13.05,35.199997,4.400002,235.808685,0,0.280529,0
1535.187,49.250912,-122.895159,13.442,35.199997,2,227.438217,0,0.055009,0
1536.196,49.250902,-122.895157,13.018,35.199997,2,193.298584,0,0.460981,0
1537.341885,49.250894,-122.895163,12.808,35.199997,2,184.708984,0,0.385524,0
1538.346803,49.250891,-122.895166,12.588,35.199997,2,167.139099,0,0.20288,0
1539.34441,49.250889,-122.895168,12.309,35.199997,2,161.804108,0,0.398032,0
1540.34326,49.250886,-122.895171,11.551,35.199997,2,168.940903,0,0.955175,0
1541.350743,49.250879,-122.895173,12.421,35.199997,2,168.022064,0,1.223921,0
1542.348133,49.250871,-122.89517,12.128,35.099998,2,167.952942,0,1.237498,0
1543.346463,49.250865,-122.895169,11.921,35.099998,2,169.226135,0,1.089,0
1544.34257,49.250866,-122.89517,11.711,35.099998,2,154.444885,0,0.394323,0
1545.348938,49.250867,-122.895174,11.354,35.099998,2,161.287125,0,0.215008,0
1546.345399,49.250869,-122.895177,11.372,35.099998,2,176.866791,0,0.020512,0
1547.345054,49.250872,-122.895179,11.014,35.099998,2,179.623688,0,0.000713,0
1548.347106,49.250873,-122.895173,10.957,35.199997,4.400002,115.005287,0,0.002483,0
1549.34647,49.250873,-122.89517,10.733,35.199997,4.400002,87.067261,0,0.000984,0
1550.345662,49.250873,-122.895167,10.562,35.199997,4.400002,44.883747,0,0.000166,0
1551.344937,49.250874,-122.895165,10.309,35.199997,4.400002,24.504175,0,0.000178,0
1552.346872,49.250874,-122.895163,9.775,35.199997,4.400002,28.822626,0,0.00019,0
1553.347144,49.250875,-122.895162,9.553,35.199997,4.400002,16.1984,0,0.000281,0
1554.345323,49.250875,-122.89516,9.567,35.199997,4.400002,15.253835,0,0.000323,0
1555.235,49.250876,-122.895159,9.591,35.199997,4.400002,12.390174,0,0.000421,0
1556.344642,49.250879,-122.895153,9.855,35.199997,4.400002,39.041939,0,0.009782,0
1557.346222,49.250882,-122.895145,10.112,35.199997,4.400002,59.629524,0,0.194412,0
1558.342694,49.250885,-122.895136,10.368,35.199997,4.400002,61.842304,0,0.435367,0
1559.348464,49.250887,-122.895128,10.772,35.199997,4.400002,62.245399,0,0.514681,0
1560.34472,49.250885,-122.895125,11.452,35.199997,4.400002,82.785973,0,0.368453,0
1561.346752,49.250883,-122.895124,11.561,35.199997,4.400002,101.028023,0,0.255455,0
1562.345777,49.250867,-122.895128,11.335,35.099998,2,173.463531,0,0.631109,0
1563.348608,49.250861,-122.895129,11.238,35.099998,2,179.47998,0,0.634597,0
1564.345906,49.250858,-122.895131,11.171,35.099998,2,182.902313,0,0.511984,0
1565.346152,49.250861,-122.89513,10.888,35.099998,2,181.122574,0,0.149721,0
1566.345356,49.250865,-122.89513,10.713,35.099998,2,4.091875,0,0.092604,0
1567.347686,49.250866,-122.89513,10.464,35.099998,2,356.132294,0,0.106885,0
1568.347434,49.250881,-122.895119,9.979,35.099998,2,89.413742,0,0.068755,0
1569.054,49.250884,-122.895114,9.689,35.099998,2,88.888145,0,0.014774,0
1570.056,49.250887,-122.895108,9.137,35.099998,2,89.929161,0,0.002831,0
1570.717,49.250888,-122.895104,8.908,35.099998,2,89.90889,0,0.003441,0
1571.756,49.250888,-122.895095,8.583,35.099998,2,89.851837,0,0.003096,0
1572.894,49.250887,-122.895087,8.296,35.099998,2,90.898148,0,0.001548,0
1573.896,49.250886,-122.89508,8.8,35.099998,2,105.375,0,0.000847,0
1575.015,49.250874,-122.89508,9.195,35.099998,4.299999,180.368729,0,0.020599,0
1576.135,49.250867,-122.895081,9.439,35.099998,4.299999,180.078049,0,0.004556,0
1576.795,49.250864,-122.895083,9.6,35.099998,4.299999,180.017609,0,0.002372,0
1577.336,49.250863,-122.895085,9.632,35.099998,4.299999,180.00116,0,0.002533,0
1577.875,49.250861,-122.895088,9.655,35.099998,4.299999,180.002594,0,0.000754,0
1578.875,49.250858,-122.895092,9.634,35.099998,4.299999,180.339005,0,0.001157,0
1579.995,49.250855,-122.895097,9.857,35.099998,4.299999,180.221725,0,0.001695,0
1581.166,49.250849,-122.895106,10.2,35.099998,2,180.000092,0,0.003869,0
1582.256,49.250842,-122.895113,10.194,35.099998,2,180.001587,0,0.003131,0
1582.916,49.250835,-122.895119,10.3,35.099998,2,180.860626,0,0.010653,0
1584.349517,49.250823,-122.895125,10.565,35.099998,2,180.874084,0,0.023753,0
1584.955,49.250818,-122.895129,10.882,35.099998,2,181.282471,0,0.025948,0
1586.056,49.25081,-122.895135,11.668,35.099998,2,181.435684,0,0.027249,0
1587.137,49.250804,-122.895143,13.195,35.099998,2,180.27388,0,0.025664,0
1587.821,49.2508,-122.895156,15.048,35.099998,4.299999,180.027206,0,0.023189,0
1588.347079,49.250792,-122.895156,15.695,35.099998,4.299999,180.001083,0,0.028564,0
1589.314,49.250781,-122.895151,15.368,35.099998,4.299999,179.817917,0,0.034507,0
1589.956,49.250774,-122.895147,15.394,35.099998,4.299999,179.590744,0,0.034573,0
1591.074,49.250763,-122.89514,14.904,35.099998,4.299999,179.306778,0,0.034718,0
1592.185,49.250756,-122.895136,14.199,35.099998,4.299999,179.964462,0,0.036258,0
1593.194,49.250745,-122.895132,12.776,35.099998,4.299999,179.964722,0,0.037455,0
1594.037,49.250735,-122.895131,12.971,35.099998,2,179.959702,0,0.036554,0
1595.377,49.250725,-122.895138,13.611,35.099998,2,180.65036,0,0.040276,0
1595.916,49.250719,-122.895143,13.812,35.099998,2,181.536209,0,0.036095,0
1597.075,49.25071,-122.895152,14.158,35.099998,2,184.355942,0,0.029711,0
1597.775,49.250704,-122.895159,14.37,35.099998,2,186.672638,0,0.026849,0
1598.316,49.250701,-122.895163,14.518,35.099998,2,188.093674,0,0.026162,0
1599.345732,49.250693,-122.895175,14.699,35.099998,2,192.775497,0,0.023241,0
1599.955,49.250689,-122.89518,15.012,35.099998,2,196.498978,0,0.021681,0
1601.076,49.250681,-122.895204,15.381,35.099998,2,213.477386,0,0.021836,0
1601.736,49.250676,-122.895225,15.339,35.099998,2,223.516724,0,0.028319,0
1602.775,49.25067,-122.895252,15.267,35.099998,2,231.876907,0,0.038255,0
1604.347789,49.250666,-122.895276,15.17,35.099998,2,248.316269,0,0.04216,0
1604.976,49.250664,-122.895292,15.222,35.099998,2,259.912048,0,0.042804,0
1606.345943,49.250661,-122.895314,15.427,35.099998,2,267.003784,0,0.044279,0
1607.036,49.250659,-122.89534,15.781,35.099998,4.099998,269.368134,0,0.052386,0
1607.675,49.250659,-122.895363,15.75,35.099998,4.099998,270.884186,0,0.181696,0
1608.735,49.25066,-122.89538,15.857,35.099998,4.099998,271.464355,0,0.296614,0
1609.856,49.25066,-122.895399,15.827,35.099998,4.099998,271.729706,0,0.403357,0
1610.356,49.250661,-122.895414,15.698,35.099998,4.099998,271.899506,0,0.499061,0
1610.995,49.250661,-122.89543,15.657,35.099998,4.099998,271.970062,0,0.585406,0
1612.095,49.250663,-122.895459,15.451,35.099998,4.099998,272.616425,0,0.734792,0
1613.215,49.250666,-122.895496,15.709,35.099998,2,273.268585,0,0.864707,0
1614.336,49.250668,-122.895517,15.593,35.099998,2,273.332581,0,0.870704,0
1615.416,49.250671,-122.895537,15.459,35.099998,2,273.441833,0,0.876574,0
1616.167,49.250674,-122.895551,15.303,35.099998,2,273.555634,0,0.881213,0
1617.815,49.25068,-122.89558,14.423,35.099998,2,273.854126,0,0.889575,0
1618.395,49.250683,-122.895591,14.854,35.099998,2,274.023132,0,0.893564,0
1618.897,49.250688,-122.895604,14.573,35.099998,2,274.330109,0,0.901319,0
1619.454,49.250691,-122.895615,14.34,35.099998,2,274.467529,0,0.905455,0
1619.997,49.250693,-122.895625,14.102,35.099998,2,274.582458,0,0.908924,0
1621.094,49.250697,-122.895645,13.826,35.099998,2,274.790771,0,0.915136,0
1622.168,49.250699,-122.895661,13.612,35.099998,2,274.923096,0,0.918955,0
1622.676,49.250701,-122.895671,13.643,35.099998,2,275.042877,0,0.922883,0
1623.255,49.250703,-122.895683,13.543,35.099998,2,275.15033,0,0.928607,0
1624.335,49.250706,-122.895701,13.378,35.099998,2,275.317139,0,0.935471,0
1624.974,49.250706,-122.895709,13.517,35.099998,4.599998,275.32428,0,0.934995,0
1626.056,49.250706,-122.89572,13.4,35.099998,4.599998,275.208221,0,0.93108,0
1626.556,49.250706,-122.895726,13.317,35.099998,4.599998,275.173676,0,0.931037,0
1627.175,49.250706,-122.895734,13.184,35.099998,4.599998,275.140045,0,0.931403,0
1628.696,49.250707,-122.895758,13.012,35.099998,4.599998,275.083405,0,0.938151,0
1629.295,49.250708,-122.89577,13.134,35.099998,4.599998,275.085144,0,0.944604,0
1630.376,49.250709,-122.895791,13.264,35.099998,4.599998,275.112122,0,0.955279,0
1631.376,49.250706,-122.895802,13.382,35.099998,2,274.648865,0,0.95178,0
1631.954,49.250705,-122.895809,13.366,35.099998,2,274.493652,0,0.950669,0
1632.476,49.250705,-122.895816,13.344,35.099998,2,274.38678,0,0.950583,0
1633.075,49.250705,-122.895824,13.29,35.099998,2,274.315552,0,0.950866,0
1633.596,49.250705,-122.895832,13.257,35.099998,2,274.253296,0,0.951837,0
1634.195,49.250705,-122.89584,13.211,35.099998,2,274.222443,0,0.95302,0
1635.337,49.250706,-122.895859,13.126,35.099998,2,274.224182,0,0.959283,0
1636.396,49.250707,-122.895876,13.273,35.099998,2,274.314819,0,0.965132,0
1637.514,49.250704,-122.895889,13.487,35.099998,4.599998,273.680054,0,0.961489,0
1638.615,49.250703,-122.895904,13.616,35.099998,4.599998,273.420563,0,0.961049,0
1639.235,49.250703,-122.895912,13.641,35.099998,4.599998,273.210632,0,0.961073,0
1639.775,49.250702,-122.89592,13.654,35.099998,4.599998,273.041412,0,0.96178,0
1640.354,49.250701,-122.89593,13.635,35.099998,4.599998,272.895996,0,0.966322,0
1640.916,49.250701,-122.895939,13.742,35.099998,4.599998,272.798798,0,0.97016,0
1642.094,49.250702,-122.895958,13.927,35.099998,4.599998,272.751801,0,0.975893,0
1642.717,49.250702,-122.895967,14.27,35.099998,4.599998,272.715729,0,0.977172,0
1643.255,49.2507,-122.895971,14.102,35.099998,4.599998,272.396393,0,0.970046,0
1643.874,49.250699,-122.895976,13.977,35.099998,4.599998,272.195099,0,0.964219,0
1644.416,49.250698,-122.895983,13.879,35.099998,4.599998,272.105011,0,0.963817,0
1645.076,49.250698,-122.895991,13.788,35.099998,4.599998,272.072815,0,0.963029,0
1645.595,49.250698,-122.895993,13.613,35.099998,4.599998,270.394104,0,0.782215,0
1646.196,49.250698,-122.895998,13.519,35.099998,4.599998,270.196198,0,0.661114,0
1646.735,49.250699,-122.896002,13.444,35.099998,4.599998,270.112549,0,0.501531,0
1647.343529,49.2507,-122.896007,13.37,35.099998,4.599998,270.115662,0,0.443888,0
1647.917,49.250701,-122.896015,13.28,35.099998,4.599998,270.136078,0,0.351736,0
1648.714,49.250702,-122.896024,13.676,35.099998,4.599998,270.164673,0,0.285542,0
1649.296,49.250706,-122.896031,13.83,39.599998,4.599998,270.311157,0,0.26026,0
1649.875,49.250714,-122.896031,13.732,39.599998,4.599998,278.164856,0,0.288816,0
1650.494,49.250726,-122.89602,13.64,39.599998,4.599998,302.797516,0,0.224469,0
1651.116,49.250733,-122.896012,13.562,39.599998,4.599998,323.64566,0,0.203111,0
1651.757,49.25074,-122.896005,13.438,39.599998,4.599998,343.481323,0,0.214443,0
1652.375,49.250746,-122.895999,13.296,39.599998,4.599998,357.855042,0,0.247185,0
1652.974,49.250753,-122.895993,13.002,39.599998,4.599998,7.408887,0,0.29014,0
1654.196,49.250768,-122.895978,12.347,39.599998,4.599998,16.027784,0,0.490799,0
1654.777,49.250732,-122.896021,11.372,35.099998,4.599998,10.842566,-1,0.444573,-1
1655.348003,49.250736,-122.896062,10.744,35.099998,4.599998,3.408808,44.275192,0.436185,4.088973
1656.346505,49.25075,-122.896045,10.655,35.099998,4.599998,5.826643,0,0.590838,0
1656.976,49.250758,-122.896031,10.655,35.099998,4.599998,2.035719,0,0.41757,0
1657.935,49.250766,-122.896017,10.242,35.099998,4.599998,29.579342,0,0.3306,0
1658.514,49.250775,-122.895999,9.813,35.099998,4.599998,53.896976,0,0.348953,0
1659.675,49.250787,-122.89599,10.059,35.099998,4.599998,43.666637,0,0.352334,0
1660.776,49.250798,-122.896,10.171,35.099998,4.599998,4.78677,0,0.333264,0
1661.334,49.250803,-122.896003,10.016,35.099998,4.599998,357.45694,0,0.357265,0
1662.015,49.250811,-122.896009,9.395,35.099998,4.599998,348.420563,0,0.411087,0
1663.135,49.250829,-122.896019,8.647,39.699997,4.599998,342.369263,0,0.478714,0
1664.174,49.250838,-122.896021,7.646,39.699997,4.599998,343.18045,0,0.530216,0
1664.875,49.250843,-122.896023,7.23,39.699997,4.599998,345.114288,0,0.538222,0
1665.575,49.250849,-122.896027,7.029,39.699997,4.599998,346.635406,0,0.535198,0
1666.347109,49.250855,-122.89603,6.983,39.699997,4.599998,346.617096,0,0.550048,0
1667.216,49.250862,-122.896035,6.978,39.699997,4.599998,346.078217,0,0.570019,0
1667.776,49.250867,-122.896038,7.126,39.699997,4.599998,345.572052,0,0.586772,0
1668.956,49.250876,-122.896044,7.53,39.699997,4.599998,346.894989,0,0.554535,0
1669.976,49.250878,-122.89605,7.781,39.699997,4.700001,351.17926,0,0.405606,0
1670.774,49.250879,-122.896054,7.79,39.699997,4.700001,352.661469,0,0.347847,0
1671.854,49.25088,-122.896058,7.779,39.699997,4.700001,355.122101,0,0.27999,0
1673.035,49.250882,-122.89606,7.664,39.699997,4.700001,356.224518,0,0.224051,0
1673.635,49.250882,-122.896061,7.538,39.699997,4.700001,356.811981,0,0.193251,0
1674.295,49.250883,-122.896062,7.458,39.699997,4.700001,357.214783,0,0.180346,0
1674.876,49.250883,-122.896063,7.328,39.699997,4.700001,357.921295,0,0.156269,0
1676.055,49.250884,-122.896064,7.362,35.099998,4.599998,359.162537,0,0.119578,0
1677.115,49.250886,-122.896065,7.332,35.099998,4.599998,359.334564,0,0.097763,0
1677.714,49.250887,-122.896065,7.319,35.099998,4.599998,359.378845,0,0.084576,0
1678.255,49.250888,-122.896065,7.348,35.099998,4.599998,359.394043,0,0.078943,0
1678.855,49.250888,-122.896066,7.37,35.099998,4.599998,359.412262,0,0.067841,0
1679.995,49.250888,-122.896067,7.38,35.099998,4.599998,359.374786,0,0.05405,0
1681.116,49.25089,-122.896069,7.403,35.099998,4.599998,341.76593,0,0.094354,0
1681.635,49.250896,-122.896071,7.47,35.099998,4.599998,333.852325,0,0.188425,0
1682.257,49.250901,-122.896071,7.494,35.099998,4.599998,334.306183,0,0.191496,0
1682.835,49.250907,-122.896072,7.557,35.099998,4.599998,334.406952,0,0.221138,0
1683.346427,49.25091,-122.896073,7.603,35.099998,4.599998,335.214783,0,0.244142,0
1683.977,49.250916,-122.896074,7.717,35.099998,4.599998,337.894897,0,0.31672,0
1685.114,49.250927,-122.896077,7.966,35.099998,4.599998,338.976471,0,0.436147,0
1686.296,49.250937,-122.896079,8.293,35.099998,4.599998,338.753479,0,0.491208,0
1686.855,49.250943,-122.89608,8.596,35.099998,4.599998,341.061798,0,0.479319,0
1688.016,49.250963,-122.89607,8.944,39.199997,4.599998,344.978363,0,0.437064,0
1689.136,49.250984,-122.896057,8.965,39.199997,4.599998,349.14035,0,0.449472,0
1689.836,49.250998,-122.89605,8.984,39.199997,4.599998,351.820862,0,0.521556,0
1690.976,49.251015,-122.896045,9.106,39.199997,4.599998,356.249207,0,0.617613,0
1692.347245,49.251029,-122.896041,9.255,39.199997,4.599998,358.674927,0,0.567651,0
1693.194,49.251036,-122.89604,9.555,39.199997,4.599998,358.377808,0,0.531402,0
1693.831,49.251043,-122.896038,10.058,35.199997,4.700001,358.567017,0,0.47423,0
1694.344339,49.251048,-122.896036,10.211,35.199997,4.700001,358.582031,0,0.476568,0
1695.348799,49.251057,-122.896034,10.555,35.199997,4.700001,359.108093,0,0.415758,0
1696.035,49.251062,-122.896033,10.742,35.199997,4.700001,359.359985,0,0.361848,0
1697.195,49.25107,-122.896034,10.912,35.199997,4.700001,359.648926,0,0.295605,0
1698.316,49.251075,-122.896036,10.955,35.199997,4.700001,358.185852,0,0.321056,0
1698.936,49.251081,-122.896038,10.946,35.199997,4.700001,356.211273,0,0.394933,0
1699.535,49.251085,-122.89604,11.069,35.199997,4.700001,355.403198,0,0.451021,0
1700.716,49.251096,-122.896043,11.34,35.099998,4.700001,355.426392,0,0.53862,0
1701.295,49.251102,-122.896044,11.413,35.099998,4.700001,355.503876,0,0.555429,0
1701.854,49.251108,-122.896046,11.508,35.099998,4.700001,355.628235,0,0.596509,0
1702.496,49.251116,-122.896047,11.685,35.099998,4.700001,355.345215,0,0.637043,0
1703.115,49.251121,-122.896047,11.748,35.099998,4.700001,354.784943,0,0.652274,0
1703.735,49.251127,-122.896048,11.917,35.099998,4.700001,353.404297,0,0.667532,0
1704.342417,49.251131,-122.896049,12.037,35.099998,4.700001,352.229675,0,0.669008,0
1704.994,49.251136,-122.896051,12.298,35.099998,4.700001,354.08075,0,0.574629,0
1705.796,49.251141,-122.896053,12.689,35.099998,4.700001,354.548676,0,0.488503,0
1706.416,49.251146,-122.896058,13.128,35.099998,4.700001,354.338715,0,0.366069,0
1707.255,49.251148,-122.89606,13.293,35.099998,4.700001,353.777344,0,0.318613,0
1708.345349,49.251148,-122.896065,13.654,35.099998,4.700001,347.833771,0,0.153799,0
1709.346589,49.251149,-122.89607,13.927,35.099998,4.700001,342.415344,0,0.141854,0
1710.156,49.251149,-122.896078,14.104,35.099998,4.700001,331.781189,0,0.087851,0
1710.935,49.251145,-122.896085,14.06,35.099998,4.700001,323.360291,0,0.065783,0
1712.155,49.251139,-122.896092,13.64,35.099998,4.700001,321.635834,0,0.056922,0
1712.694,49.251143,-122.896094,12.795,39.199997,4.700001,327.689606,0,0.045445,0
1713.349543,49.251151,-122.896092,12.427,39.199997,4.700001,332.900818,0,0.043971,0
1713.996,49.25116,-122.896092,12.122,39.199997,4.700001,336.386536,0,0.039682,0
1714.556,49.251166,-122.896094,11.772,39.199997,4.700001,331.919617,0,0.030811,0
1715.696,49.251172,-122.8961,11.065,39.199997,4.700001,270.10495,0,0.043185,0
1716.336,49.251172,-122.896104,10.998,39.199997,4.700001,258.499817,0,0.073893,0
1717.343758,49.251172,-122.896113,10.928,39.199997,4.700001,249.295395,0,0.125939,0
1718.095,49.25117,-122.896118,11.059,39.199997,4.700001,239.357849,0,0.082084,0
1718.696,49.25117,-122.896121,11.173,39.199997,4.700001,226.373459,0,0.055723,0
1719.997,49.25117,-122.89612,10.999,39.199997,4.700001,204.647995,0,0.039895,0
1720.677,49.251166,-122.89612,10.846,39.199997,4.700001,180.013184,0,0.020992,0
1721.343227,49.251163,-122.89612,10.734,39.199997,4.700001,179.999298,0,0.00648,0
1722.345114,49.251158,-122.896117,10.5,39.199997,4.700001,180,0,0.003128,0
1723.346843,49.251154,-122.896115,10.214,39.199997,4.700001,180,0,0.003079,0
1724.342825,49.251151,-122.89611,10.059,39.199997,4.700001,179.998062,0,0.002274,0
1725.344916,49.251142,-122.896099,9.895,39.199997,4.700001,176.417709,0,0.908347,0
